market,currency,slug,category,packLabel,indiaRetailInr,indiaFloruviInr,rate,localRetailEstimate,floruviPrice,basis
ae,AED,butterhead-lettuce,leafy-greens,"1 head · 120–250 g",75.00,105.00,0.10666667,8.00,11.25,"own median of 1"
ae,AED,romaine-lettuce,leafy-greens,"1 head · 120–250 g",75.00,105.00,0.082880702,6.22,8.75,"produce median"
ae,AED,green-oakleaf-lettuce,leafy-greens,"75 g",80.00,112.00,0.082880702,6.63,9.50,"produce median"
ae,AED,red-oakleaf-lettuce,leafy-greens,"250 g",210.00,294.00,0.082880702,17.40,24.50,"produce median"
ae,AED,lollo-rosso-lettuce,leafy-greens,"250 g",100.00,140.00,0.082880702,8.29,11.75,"produce median"
ae,AED,lollo-bionda-lettuce,leafy-greens,"200 g",50.00,70.00,0.082880702,4.14,6.00,"produce median"
ae,AED,iceberg-lettuce,leafy-greens,"200–300 g",200.00,280.00,0.082880702,16.58,23.25,"produce median"
ae,AED,arugula,leafy-greens,"100 g",99.00,138.60,0.052455988,5.19,7.50,"own median of 2"
ae,AED,spinach,leafy-greens,"250 g",75.00,105.00,0.1657614,12.43,17.50,"own median of 1, limited"
ae,AED,baby-kale,leafy-greens,"250 g",437.00,611.80,0.082880702,36.22,50.75,"produce median"
ae,AED,curly-kale,leafy-greens,"100 g",99.00,138.60,0.044444444,4.40,6.25,"own median of 1"
ae,AED,lacinato-kale,leafy-greens,"100 g",99.00,138.60,0.082880702,8.21,11.50,"produce median"
ae,AED,swiss-chard,leafy-greens,"100 g",99.00,138.60,0.082880702,8.21,11.50,"produce median"
ae,AED,bok-choy,leafy-greens,"250 g",149.00,208.60,0.082880702,12.35,17.50,"produce median"
ae,AED,tatsoi,leafy-greens,"250 g",149.00,208.60,0.082880702,12.35,17.50,"produce median"
ae,AED,mizuna,leafy-greens,"100 g",99.00,138.60,0.082880702,8.21,11.50,"produce median"
ae,AED,mustard-greens,leafy-greens,"200 g",38.00,53.20,0.082880702,3.15,4.50,"produce median"
ae,AED,watercress,leafy-greens,"100 g",169.00,236.60,0.082880702,14.01,19.75,"produce median"
ae,AED,sorrel,leafy-greens,"100 g",100.00,140.00,0.082880702,8.29,11.75,"produce median"
ae,AED,endive,leafy-greens,"250 g",55.00,77.00,0.082880702,4.56,6.50,"produce median"
ae,AED,radicchio,leafy-greens,"200–300 g",80.00,112.00,0.082880702,6.63,9.50,"produce median"
ae,AED,amaranth-greens,leafy-greens,"1 bunch · 125–150 g",75.00,105.00,0.082880702,6.22,8.75,"produce median"
ae,AED,fenugreek-greens,leafy-greens,"1 bunch · 150–200 g",75.00,105.00,0.082880702,6.22,8.75,"produce median"
ae,AED,napa-cabbage,leafy-greens,"250 g",110.00,154.00,0.082880702,9.12,13.00,"produce median"
ae,AED,sweet-basil,herbs,"100 g",100.00,140.00,0.06,6.00,8.50,"own median of 1"
ae,AED,thai-basil,herbs,"100 g",149.00,208.60,0.068380952,10.19,14.50,"herb median"
ae,AED,holy-basil,herbs,"250 g",150.00,210.00,0.068380952,10.26,14.50,"herb median"
ae,AED,mint,herbs,"1 bunch · 125–150 g",40.00,56.00,0.1367619,5.47,7.75,"own median of 1, limited"
ae,AED,coriander,herbs,"1 bunch · 150–200 g",75.00,105.00,0.065333333,4.90,7.00,"own median of 1"
ae,AED,flat-leaf-parsley,herbs,"100 g",85.00,119.00,0.071428571,6.07,8.50,"own median of 1"
ae,AED,curly-parsley,herbs,"50 g",55.00,77.00,0.068380952,3.76,5.50,"herb median"
ae,AED,dill,herbs,"1 bunch · 125–150 g",75.00,105.00,0.068380952,5.13,7.25,"herb median"
ae,AED,chives,herbs,"100 g",149.00,208.60,0.068380952,10.19,14.50,"herb median"
ae,AED,garlic-chives,herbs,"100 g",100.00,140.00,0.068380952,6.84,9.75,"herb median"
ae,AED,oregano,herbs,"100 g",150.00,210.00,0.068380952,10.26,14.50,"herb median"
ae,AED,thyme,herbs,"100 g",120.00,168.00,0.068380952,8.21,11.50,"herb median"
ae,AED,rosemary,herbs,"100 g",120.00,168.00,0.068380952,8.21,11.50,"herb median"
ae,AED,sage,herbs,"100 g",150.00,210.00,0.068380952,10.26,14.50,"herb median"
ae,AED,lemon-balm,herbs,"100 g",100.00,140.00,0.068380952,6.84,9.75,"herb median"
ae,AED,shiso,herbs,"100 g",85.00,119.00,0.068380952,5.81,8.25,"herb median"
ae,AED,chervil,herbs,"100 g",100.00,140.00,0.068380952,6.84,9.75,"herb median"
ae,AED,tarragon,herbs,"100 g",100.00,140.00,0.068380952,6.84,9.75,"herb median"
ae,AED,marjoram,herbs,"100 g",40.00,56.00,0.068380952,2.74,4.00,"herb median"
ae,AED,lemongrass,herbs,"100 g",30.00,42.00,0.068380952,2.05,3.00,"herb median"
ae,AED,broccoli-microgreens,microgreens,"25 g",160.00,224.00,0.082880702,13.26,18.75,"produce median"
ae,AED,radish-microgreens,microgreens,"50 g",200.00,280.00,0.125,25.00,35.00,"own median of 1"
ae,AED,pea-shoots,microgreens,"50 g",200.00,280.00,0.1,20.00,28.00,"own median of 1"
ae,AED,sunflower-shoots,microgreens,"50 g",79.00,110.60,0.082880702,6.55,9.25,"produce median"
ae,AED,mustard-microgreens,microgreens,"50 g",200.00,280.00,0.082880702,16.58,23.25,"produce median"
ae,AED,red-cabbage-microgreens,microgreens,"50 g",179.00,250.60,0.082880702,14.84,21.00,"produce median"
ae,AED,kale-microgreens,microgreens,"50 g",179.00,250.60,0.082880702,14.84,21.00,"produce median"
ae,AED,arugula-microgreens,microgreens,"25 g",170.00,238.00,0.082880702,14.09,19.75,"produce median"
ae,AED,beet-microgreens,microgreens,"50 g",149.00,208.60,0.082880702,12.35,17.50,"produce median"
ae,AED,amaranth-microgreens,microgreens,"50 g",250.00,350.00,0.082880702,20.72,29.25,"produce median"
ae,AED,basil-microgreens,microgreens,"25 g",160.00,224.00,0.082880702,13.26,18.75,"produce median"
ae,AED,coriander-microgreens,microgreens,"50 g",149.00,208.60,0.082880702,12.35,17.50,"produce median"
ae,AED,fenugreek-microgreens,microgreens,"50 g",149.00,208.60,0.082880702,12.35,17.50,"produce median"
ae,AED,wheatgrass,microgreens,"250 g",300.00,420.00,0.082880702,24.86,35.00,"produce median"
ae,AED,kohlrabi-microgreens,microgreens,"50 g",179.00,250.60,0.082880702,14.84,21.00,"produce median"
ae,AED,garden-cress-microgreens,microgreens,"50 g",179.00,250.60,0.082880702,14.84,21.00,"produce median"
ae,AED,cherry-tomatoes,fruiting-crops,"250 g",110.00,154.00,0.10909091,12.00,17.00,"own median of 2"
ae,AED,beefsteak-tomatoes,fruiting-crops,"250 g",220.00,308.00,0.082880702,18.23,25.75,"produce median"
ae,AED,plum-tomatoes,fruiting-crops,"250 g",220.00,308.00,0.082880702,18.23,25.75,"produce median"
ae,AED,cucumber,fruiting-crops,"500 g",60.00,84.00,0.15833333,9.50,13.50,"own median of 1"
ae,AED,bell-peppers,fruiting-crops,"3 peppers · mixed colours",250.00,350.00,0.04752,11.88,16.75,"own median of 1"
ae,AED,green-chillies,fruiting-crops,"100 g",25.00,35.00,0.082880702,2.07,3.00,"produce median"
ae,AED,jalapeno-peppers,fruiting-crops,"200 g",65.00,91.00,0.082880702,5.39,7.75,"produce median"
ae,AED,strawberries,fruiting-crops,"250 g",250.00,350.00,0.07995,19.99,28.00,"own median of 1"
ae,AED,eggplant,fruiting-crops,"250 g",40.00,56.00,0.082880702,3.32,4.75,"produce median"
ae,AED,zucchini,fruiting-crops,"150–200 g",57.00,79.80,0.053651316,3.06,4.50,"own median of 2"
ae,AED,muskmelon,fruiting-crops,"1 melon",190.00,266.00,0.082880702,15.75,22.25,"produce median"
ae,AED,green-beans,fruiting-crops,"250 g",76.00,106.40,0.082880702,6.30,9.00,"produce median"
ae,AED,spring-onions,roots-and-stems,"1 bunch · 225–250 g",100.00,140.00,0.082880702,8.29,11.75,"produce median"
ae,AED,celery,roots-and-stems,"250 g",149.00,208.60,0.082880702,12.35,17.50,"produce median"
ae,AED,radish,roots-and-stems,"1 bunch · 450–500 g",100.00,140.00,0.082880702,8.29,11.75,"produce median"
ae,AED,beetroot,roots-and-stems,"250 g",45.00,63.00,0.10277778,4.63,6.50,"own median of 2"
ae,AED,carrot,roots-and-stems,"250 g",50.00,70.00,0.0525,2.63,3.75,"own median of 1"
ae,AED,ginger,roots-and-stems,"250 g",85.00,119.00,0.082880702,7.04,10.00,"produce median"
ae,AED,turmeric,roots-and-stems,"250 g",65.00,91.00,0.082880702,5.39,7.75,"produce median"
ae,AED,potato,roots-and-stems,"1 kg",80.00,112.00,0.0875,7.00,10.00,"own median of 1"
ae,AED,nasturtium-flowers,edible-flowers,"15–20 flowers",350.00,490.00,0.082880702,29.01,40.75,"produce median"
ae,AED,viola-flowers,edible-flowers,"40 g",250.00,350.00,0.082880702,20.72,29.25,"produce median"
ae,AED,pansy-flowers,edible-flowers,"40 g",250.00,350.00,0.082880702,20.72,29.25,"produce median"
ae,AED,calendula-petals,edible-flowers,"40 g",250.00,350.00,0.082880702,20.72,29.25,"produce median"
ae,AED,borage-flowers,edible-flowers,"40 g",250.00,350.00,0.082880702,20.72,29.25,"produce median"
ae,AED,radish-microgreens-live-tray,microgreens,"1 live tray",130.00,182.00,0.082880702,10.77,15.25,"produce median"
ae,AED,pea-microgreens-live-tray,microgreens,"1 live tray",130.00,182.00,0.082880702,10.77,15.25,"produce median"
ae,AED,sunflower-microgreens-live-tray,microgreens,"1 live tray",130.00,182.00,0.082880702,10.77,15.25,"produce median"
ae,AED,broccoli-microgreens-live-tray,microgreens,"1 live tray",130.00,182.00,0.082880702,10.77,15.25,"produce median"
ae,AED,fenugreek-microgreens-live-tray,microgreens,"1 live tray",130.00,182.00,0.082880702,10.77,15.25,"produce median"
ae,AED,red-amaranth-microgreens-live-tray,microgreens,"1 live tray",130.00,182.00,0.082880702,10.77,15.25,"produce median"
sa,SAR,butterhead-lettuce,leafy-greens,"1 head · 120–250 g",75.00,105.00,0.051200758,3.84,5.50,"produce median"
sa,SAR,romaine-lettuce,leafy-greens,"1 head · 120–250 g",75.00,105.00,0.051200758,3.84,5.50,"produce median"
sa,SAR,green-oakleaf-lettuce,leafy-greens,"75 g",80.00,112.00,0.051200758,4.10,5.75,"produce median"
sa,SAR,red-oakleaf-lettuce,leafy-greens,"250 g",210.00,294.00,0.051200758,10.75,15.25,"produce median"
sa,SAR,lollo-rosso-lettuce,leafy-greens,"250 g",100.00,140.00,0.051200758,5.12,7.25,"produce median"
sa,SAR,lollo-bionda-lettuce,leafy-greens,"200 g",50.00,70.00,0.051200758,2.56,3.75,"produce median"
sa,SAR,iceberg-lettuce,leafy-greens,"200–300 g",200.00,280.00,0.051200758,10.24,14.50,"produce median"
sa,SAR,arugula,leafy-greens,"100 g",99.00,138.60,0.051200758,5.07,7.25,"produce median"
sa,SAR,spinach,leafy-greens,"250 g",75.00,105.00,0.10240152,7.68,11.00,"own median of 1, limited"
sa,SAR,baby-kale,leafy-greens,"250 g",437.00,611.80,0.051200758,22.37,31.50,"produce median"
sa,SAR,curly-kale,leafy-greens,"100 g",99.00,138.60,0.052484848,5.20,7.50,"own median of 1"
sa,SAR,lacinato-kale,leafy-greens,"100 g",99.00,138.60,0.051200758,5.07,7.25,"produce median"
sa,SAR,swiss-chard,leafy-greens,"100 g",99.00,138.60,0.051200758,5.07,7.25,"produce median"
sa,SAR,bok-choy,leafy-greens,"250 g",149.00,208.60,0.051200758,7.63,10.75,"produce median"
sa,SAR,tatsoi,leafy-greens,"250 g",149.00,208.60,0.051200758,7.63,10.75,"produce median"
sa,SAR,mizuna,leafy-greens,"100 g",99.00,138.60,0.051200758,5.07,7.25,"produce median"
sa,SAR,mustard-greens,leafy-greens,"200 g",38.00,53.20,0.051200758,1.95,2.75,"produce median"
sa,SAR,watercress,leafy-greens,"100 g",169.00,236.60,0.051200758,8.65,12.25,"produce median"
sa,SAR,sorrel,leafy-greens,"100 g",100.00,140.00,0.051200758,5.12,7.25,"produce median"
sa,SAR,endive,leafy-greens,"250 g",55.00,77.00,0.051200758,2.82,4.00,"produce median"
sa,SAR,radicchio,leafy-greens,"200–300 g",80.00,112.00,0.051200758,4.10,5.75,"produce median"
sa,SAR,amaranth-greens,leafy-greens,"1 bunch · 125–150 g",75.00,105.00,0.051200758,3.84,5.50,"produce median"
sa,SAR,fenugreek-greens,leafy-greens,"1 bunch · 150–200 g",75.00,105.00,0.051200758,3.84,5.50,"produce median"
sa,SAR,napa-cabbage,leafy-greens,"250 g",110.00,154.00,0.051200758,5.63,8.00,"produce median"
sa,SAR,sweet-basil,herbs,"100 g",100.00,140.00,0.20246479,20.25,28.50,"own median of 1"
sa,SAR,thai-basil,herbs,"100 g",149.00,208.60,0.12391989,18.46,26.00,"herb median"
sa,SAR,holy-basil,herbs,"250 g",150.00,210.00,0.12391989,18.59,26.25,"herb median"
sa,SAR,mint,herbs,"1 bunch · 125–150 g",40.00,56.00,0.061959947,2.48,3.50,"own median of 1, limited"
sa,SAR,coriander,herbs,"1 bunch · 150–200 g",75.00,105.00,0.178675,13.40,19.00,"own median of 2"
sa,SAR,flat-leaf-parsley,herbs,"100 g",85.00,119.00,0.12391989,10.53,14.75,"herb median"
sa,SAR,curly-parsley,herbs,"50 g",55.00,77.00,0.12391989,6.82,9.75,"herb median"
sa,SAR,dill,herbs,"1 bunch · 125–150 g",75.00,105.00,0.12391989,9.29,13.25,"herb median"
sa,SAR,chives,herbs,"100 g",149.00,208.60,0.12391989,18.46,26.00,"herb median"
sa,SAR,garlic-chives,herbs,"100 g",100.00,140.00,0.12391989,12.39,17.50,"herb median"
sa,SAR,oregano,herbs,"100 g",150.00,210.00,0.12391989,18.59,26.25,"herb median"
sa,SAR,thyme,herbs,"100 g",120.00,168.00,0.12391989,14.87,21.00,"herb median"
sa,SAR,rosemary,herbs,"100 g",120.00,168.00,0.12391989,14.87,21.00,"herb median"
sa,SAR,sage,herbs,"100 g",150.00,210.00,0.12391989,18.59,26.25,"herb median"
sa,SAR,lemon-balm,herbs,"100 g",100.00,140.00,0.12391989,12.39,17.50,"herb median"
sa,SAR,shiso,herbs,"100 g",85.00,119.00,0.12391989,10.53,14.75,"herb median"
sa,SAR,chervil,herbs,"100 g",100.00,140.00,0.12391989,12.39,17.50,"herb median"
sa,SAR,tarragon,herbs,"100 g",100.00,140.00,0.12391989,12.39,17.50,"herb median"
sa,SAR,marjoram,herbs,"100 g",40.00,56.00,0.12391989,4.96,7.00,"herb median"
sa,SAR,lemongrass,herbs,"100 g",30.00,42.00,0.12391989,3.72,5.25,"herb median"
sa,SAR,broccoli-microgreens,microgreens,"25 g",160.00,224.00,0.051200758,8.19,11.50,"produce median"
sa,SAR,radish-microgreens,microgreens,"50 g",200.00,280.00,0.051200758,10.24,14.50,"produce median"
sa,SAR,pea-shoots,microgreens,"50 g",200.00,280.00,0.051200758,10.24,14.50,"produce median"
sa,SAR,sunflower-shoots,microgreens,"50 g",79.00,110.60,0.051200758,4.04,5.75,"produce median"
sa,SAR,mustard-microgreens,microgreens,"50 g",200.00,280.00,0.051200758,10.24,14.50,"produce median"
sa,SAR,red-cabbage-microgreens,microgreens,"50 g",179.00,250.60,0.051200758,9.16,13.00,"produce median"
sa,SAR,kale-microgreens,microgreens,"50 g",179.00,250.60,0.051200758,9.16,13.00,"produce median"
sa,SAR,arugula-microgreens,microgreens,"25 g",170.00,238.00,0.051200758,8.70,12.25,"produce median"
sa,SAR,beet-microgreens,microgreens,"50 g",149.00,208.60,0.051200758,7.63,10.75,"produce median"
sa,SAR,amaranth-microgreens,microgreens,"50 g",250.00,350.00,0.051200758,12.80,18.00,"produce median"
sa,SAR,basil-microgreens,microgreens,"25 g",160.00,224.00,0.051200758,8.19,11.50,"produce median"
sa,SAR,coriander-microgreens,microgreens,"50 g",149.00,208.60,0.051200758,7.63,10.75,"produce median"
sa,SAR,fenugreek-microgreens,microgreens,"50 g",149.00,208.60,0.051200758,7.63,10.75,"produce median"
sa,SAR,wheatgrass,microgreens,"250 g",300.00,420.00,0.051200758,15.36,21.75,"produce median"
sa,SAR,kohlrabi-microgreens,microgreens,"50 g",179.00,250.60,0.051200758,9.16,13.00,"produce median"
sa,SAR,garden-cress-microgreens,microgreens,"50 g",179.00,250.60,0.051200758,9.16,13.00,"produce median"
sa,SAR,cherry-tomatoes,fruiting-crops,"250 g",110.00,154.00,0.074007576,8.14,11.50,"own median of 2"
sa,SAR,beefsteak-tomatoes,fruiting-crops,"250 g",220.00,308.00,0.051200758,11.26,16.00,"produce median"
sa,SAR,plum-tomatoes,fruiting-crops,"250 g",220.00,308.00,0.051200758,11.26,16.00,"produce median"
sa,SAR,cucumber,fruiting-crops,"500 g",60.00,84.00,0.049916667,3.00,4.25,"own median of 1"
sa,SAR,bell-peppers,fruiting-crops,"3 peppers · mixed colours",250.00,350.00,0.025600379,6.40,9.00,"own median of 1, limited"
sa,SAR,green-chillies,fruiting-crops,"100 g",25.00,35.00,0.051200758,1.28,2.00,"produce median"
sa,SAR,jalapeno-peppers,fruiting-crops,"200 g",65.00,91.00,0.051200758,3.33,4.75,"produce median"
sa,SAR,strawberries,fruiting-crops,"250 g",250.00,350.00,0.051200758,12.80,18.00,"produce median"
sa,SAR,eggplant,fruiting-crops,"250 g",40.00,56.00,0.051200758,2.05,3.00,"produce median"
sa,SAR,zucchini,fruiting-crops,"150–200 g",57.00,79.80,0.030671053,1.75,2.50,"own median of 1"
sa,SAR,muskmelon,fruiting-crops,"1 melon",190.00,266.00,0.051200758,9.73,13.75,"produce median"
sa,SAR,green-beans,fruiting-crops,"250 g",76.00,106.40,0.051200758,3.89,5.50,"produce median"
sa,SAR,spring-onions,roots-and-stems,"1 bunch · 225–250 g",100.00,140.00,0.051200758,5.12,7.25,"produce median"
sa,SAR,celery,roots-and-stems,"250 g",149.00,208.60,0.051200758,7.63,10.75,"produce median"
sa,SAR,radish,roots-and-stems,"1 bunch · 450–500 g",100.00,140.00,0.051200758,5.12,7.25,"produce median"
sa,SAR,beetroot,roots-and-stems,"250 g",45.00,63.00,0.033333333,1.50,2.25,"own median of 1"
sa,SAR,carrot,roots-and-stems,"250 g",50.00,70.00,0.03975,1.99,3.00,"own median of 1"
sa,SAR,ginger,roots-and-stems,"250 g",85.00,119.00,0.051200758,4.35,6.25,"produce median"
sa,SAR,turmeric,roots-and-stems,"250 g",65.00,91.00,0.051200758,3.33,4.75,"produce median"
sa,SAR,potato,roots-and-stems,"1 kg",80.00,112.00,0.074875,5.99,8.50,"own median of 1"
sa,SAR,nasturtium-flowers,edible-flowers,"15–20 flowers",350.00,490.00,0.051200758,17.92,25.25,"produce median"
sa,SAR,viola-flowers,edible-flowers,"40 g",250.00,350.00,0.051200758,12.80,18.00,"produce median"
sa,SAR,pansy-flowers,edible-flowers,"40 g",250.00,350.00,0.051200758,12.80,18.00,"produce median"
sa,SAR,calendula-petals,edible-flowers,"40 g",250.00,350.00,0.051200758,12.80,18.00,"produce median"
sa,SAR,borage-flowers,edible-flowers,"40 g",250.00,350.00,0.051200758,12.80,18.00,"produce median"
sa,SAR,radish-microgreens-live-tray,microgreens,"1 live tray",130.00,182.00,0.051200758,6.66,9.50,"produce median"
sa,SAR,pea-microgreens-live-tray,microgreens,"1 live tray",130.00,182.00,0.051200758,6.66,9.50,"produce median"
sa,SAR,sunflower-microgreens-live-tray,microgreens,"1 live tray",130.00,182.00,0.051200758,6.66,9.50,"produce median"
sa,SAR,broccoli-microgreens-live-tray,microgreens,"1 live tray",130.00,182.00,0.051200758,6.66,9.50,"produce median"
sa,SAR,fenugreek-microgreens-live-tray,microgreens,"1 live tray",130.00,182.00,0.051200758,6.66,9.50,"produce median"
sa,SAR,red-amaranth-microgreens-live-tray,microgreens,"1 live tray",130.00,182.00,0.051200758,6.66,9.50,"produce median"
qa,QAR,butterhead-lettuce,leafy-greens,"1 head · 120–250 g",75.00,105.00,0.048958333,3.67,5.25,"produce median"
qa,QAR,romaine-lettuce,leafy-greens,"1 head · 120–250 g",75.00,105.00,0.048958333,3.67,5.25,"produce median"
qa,QAR,green-oakleaf-lettuce,leafy-greens,"75 g",80.00,112.00,0.048958333,3.92,5.50,"produce median"
qa,QAR,red-oakleaf-lettuce,leafy-greens,"250 g",210.00,294.00,0.048958333,10.28,14.50,"produce median"
qa,QAR,lollo-rosso-lettuce,leafy-greens,"250 g",100.00,140.00,0.048958333,4.90,7.00,"produce median"
qa,QAR,lollo-bionda-lettuce,leafy-greens,"200 g",50.00,70.00,0.048958333,2.45,3.50,"produce median"
qa,QAR,iceberg-lettuce,leafy-greens,"200–300 g",200.00,280.00,0.048958333,9.79,13.75,"produce median"
qa,QAR,arugula,leafy-greens,"100 g",99.00,138.60,0.081565657,8.08,11.50,"own median of 2"
qa,QAR,spinach,leafy-greens,"250 g",75.00,105.00,0.097916667,7.34,10.50,"own median of 2, limited"
qa,QAR,baby-kale,leafy-greens,"250 g",437.00,611.80,0.048958333,21.39,30.00,"produce median"
qa,QAR,curly-kale,leafy-greens,"100 g",99.00,138.60,0.097916667,9.69,13.75,"own median of 1, limited"
qa,QAR,lacinato-kale,leafy-greens,"100 g",99.00,138.60,0.048958333,4.85,7.00,"produce median"
qa,QAR,swiss-chard,leafy-greens,"100 g",99.00,138.60,0.048958333,4.85,7.00,"produce median"
qa,QAR,bok-choy,leafy-greens,"250 g",149.00,208.60,0.048958333,7.29,10.25,"produce median"
qa,QAR,tatsoi,leafy-greens,"250 g",149.00,208.60,0.048958333,7.29,10.25,"produce median"
qa,QAR,mizuna,leafy-greens,"100 g",99.00,138.60,0.048958333,4.85,7.00,"produce median"
qa,QAR,mustard-greens,leafy-greens,"200 g",38.00,53.20,0.048958333,1.86,2.75,"produce median"
qa,QAR,watercress,leafy-greens,"100 g",169.00,236.60,0.048958333,8.27,11.75,"produce median"
qa,QAR,sorrel,leafy-greens,"100 g",100.00,140.00,0.048958333,4.90,7.00,"produce median"
qa,QAR,endive,leafy-greens,"250 g",55.00,77.00,0.048958333,2.69,4.00,"produce median"
qa,QAR,radicchio,leafy-greens,"200–300 g",80.00,112.00,0.048958333,3.92,5.50,"produce median"
qa,QAR,amaranth-greens,leafy-greens,"1 bunch · 125–150 g",75.00,105.00,0.048958333,3.67,5.25,"produce median"
qa,QAR,fenugreek-greens,leafy-greens,"1 bunch · 150–200 g",75.00,105.00,0.048958333,3.67,5.25,"produce median"
qa,QAR,napa-cabbage,leafy-greens,"250 g",110.00,154.00,0.048958333,5.39,7.75,"produce median"
qa,QAR,sweet-basil,herbs,"100 g",100.00,140.00,0.22,22.00,31.00,"own median of 1"
qa,QAR,thai-basil,herbs,"100 g",149.00,208.60,0.14,20.86,29.25,"herb median"
qa,QAR,holy-basil,herbs,"250 g",150.00,210.00,0.14,21.00,29.50,"herb median"
qa,QAR,mint,herbs,"1 bunch · 125–150 g",40.00,56.00,0.10742188,4.30,6.25,"own median of 2"
qa,QAR,coriander,herbs,"1 bunch · 150–200 g",75.00,105.00,0.086333333,6.47,9.25,"own median of 2"
qa,QAR,flat-leaf-parsley,herbs,"100 g",85.00,119.00,0.13823529,11.75,16.50,"own median of 2"
qa,QAR,curly-parsley,herbs,"50 g",55.00,77.00,0.14,7.70,11.00,"herb median"
qa,QAR,dill,herbs,"1 bunch · 125–150 g",75.00,105.00,0.14,10.50,14.75,"herb median"
qa,QAR,chives,herbs,"100 g",149.00,208.60,0.14,20.86,29.25,"herb median"
qa,QAR,garlic-chives,herbs,"100 g",100.00,140.00,0.14,14.00,19.75,"herb median"
qa,QAR,oregano,herbs,"100 g",150.00,210.00,0.14,21.00,29.50,"herb median"
qa,QAR,thyme,herbs,"100 g",120.00,168.00,0.14,16.80,23.75,"herb median"
qa,QAR,rosemary,herbs,"100 g",120.00,168.00,0.14,16.80,23.75,"herb median"
qa,QAR,sage,herbs,"100 g",150.00,210.00,0.14,21.00,29.50,"herb median"
qa,QAR,lemon-balm,herbs,"100 g",100.00,140.00,0.14,14.00,19.75,"herb median"
qa,QAR,shiso,herbs,"100 g",85.00,119.00,0.14,11.90,16.75,"herb median"
qa,QAR,chervil,herbs,"100 g",100.00,140.00,0.14,14.00,19.75,"herb median"
qa,QAR,tarragon,herbs,"100 g",100.00,140.00,0.14,14.00,19.75,"herb median"
qa,QAR,marjoram,herbs,"100 g",40.00,56.00,0.14,5.60,8.00,"herb median"
qa,QAR,lemongrass,herbs,"100 g",30.00,42.00,0.14,4.20,6.00,"herb median"
qa,QAR,broccoli-microgreens,microgreens,"25 g",160.00,224.00,0.048958333,7.83,11.00,"produce median"
qa,QAR,radish-microgreens,microgreens,"50 g",200.00,280.00,0.048958333,9.79,13.75,"produce median"
qa,QAR,pea-shoots,microgreens,"50 g",200.00,280.00,0.048958333,9.79,13.75,"produce median"
qa,QAR,sunflower-shoots,microgreens,"50 g",79.00,110.60,0.048958333,3.87,5.50,"produce median"
qa,QAR,mustard-microgreens,microgreens,"50 g",200.00,280.00,0.048958333,9.79,13.75,"produce median"
qa,QAR,red-cabbage-microgreens,microgreens,"50 g",179.00,250.60,0.048958333,8.76,12.50,"produce median"
qa,QAR,kale-microgreens,microgreens,"50 g",179.00,250.60,0.048958333,8.76,12.50,"produce median"
qa,QAR,arugula-microgreens,microgreens,"25 g",170.00,238.00,0.048958333,8.32,11.75,"produce median"
qa,QAR,beet-microgreens,microgreens,"50 g",149.00,208.60,0.048958333,7.29,10.25,"produce median"
qa,QAR,amaranth-microgreens,microgreens,"50 g",250.00,350.00,0.048958333,12.24,17.25,"produce median"
qa,QAR,basil-microgreens,microgreens,"25 g",160.00,224.00,0.048958333,7.83,11.00,"produce median"
qa,QAR,coriander-microgreens,microgreens,"50 g",149.00,208.60,0.048958333,7.29,10.25,"produce median"
qa,QAR,fenugreek-microgreens,microgreens,"50 g",149.00,208.60,0.048958333,7.29,10.25,"produce median"
qa,QAR,wheatgrass,microgreens,"250 g",300.00,420.00,0.048958333,14.69,20.75,"produce median"
qa,QAR,kohlrabi-microgreens,microgreens,"50 g",179.00,250.60,0.048958333,8.76,12.50,"produce median"
qa,QAR,garden-cress-microgreens,microgreens,"50 g",179.00,250.60,0.048958333,8.76,12.50,"produce median"
qa,QAR,cherry-tomatoes,fruiting-crops,"250 g",110.00,154.00,0.097916667,10.77,15.25,"own median of 1, limited"
qa,QAR,beefsteak-tomatoes,fruiting-crops,"250 g",220.00,308.00,0.048958333,10.77,15.25,"produce median"
qa,QAR,plum-tomatoes,fruiting-crops,"250 g",220.00,308.00,0.048958333,10.77,15.25,"produce median"
qa,QAR,cucumber,fruiting-crops,"500 g",60.00,84.00,0.05625,3.38,4.75,"own median of 2"
qa,QAR,bell-peppers,fruiting-crops,"3 peppers · mixed colours",250.00,350.00,0.024479167,6.12,8.75,"own median of 2, limited"
qa,QAR,green-chillies,fruiting-crops,"100 g",25.00,35.00,0.048958333,1.22,1.75,"produce median"
qa,QAR,jalapeno-peppers,fruiting-crops,"200 g",65.00,91.00,0.048958333,3.18,4.50,"produce median"
qa,QAR,strawberries,fruiting-crops,"250 g",250.00,350.00,0.094875,23.72,33.25,"own median of 2"
qa,QAR,eggplant,fruiting-crops,"250 g",40.00,56.00,0.048958333,1.96,2.75,"produce median"
qa,QAR,zucchini,fruiting-crops,"150–200 g",57.00,79.80,0.026894737,1.53,2.25,"own median of 1"
qa,QAR,muskmelon,fruiting-crops,"1 melon",190.00,266.00,0.048958333,9.30,13.25,"produce median"
qa,QAR,green-beans,fruiting-crops,"250 g",76.00,106.40,0.048958333,3.72,5.25,"produce median"
qa,QAR,spring-onions,roots-and-stems,"1 bunch · 225–250 g",100.00,140.00,0.048958333,4.90,7.00,"produce median"
qa,QAR,celery,roots-and-stems,"250 g",149.00,208.60,0.048958333,7.29,10.25,"produce median"
qa,QAR,radish,roots-and-stems,"1 bunch · 450–500 g",100.00,140.00,0.048958333,4.90,7.00,"produce median"
qa,QAR,beetroot,roots-and-stems,"250 g",45.00,63.00,0.038888889,1.75,2.50,"own median of 1"
qa,QAR,carrot,roots-and-stems,"250 g",50.00,70.00,0.03375,1.69,2.50,"own median of 2"
qa,QAR,ginger,roots-and-stems,"250 g",85.00,119.00,0.048958333,4.16,6.00,"produce median"
qa,QAR,turmeric,roots-and-stems,"250 g",65.00,91.00,0.048958333,3.18,4.50,"produce median"
qa,QAR,potato,roots-and-stems,"1 kg",80.00,112.00,0.040625,3.25,4.75,"own median of 2"
qa,QAR,nasturtium-flowers,edible-flowers,"15–20 flowers",350.00,490.00,0.048958333,17.14,24.00,"produce median"
qa,QAR,viola-flowers,edible-flowers,"40 g",250.00,350.00,0.048958333,12.24,17.25,"produce median"
qa,QAR,pansy-flowers,edible-flowers,"40 g",250.00,350.00,0.048958333,12.24,17.25,"produce median"
qa,QAR,calendula-petals,edible-flowers,"40 g",250.00,350.00,0.048958333,12.24,17.25,"produce median"
qa,QAR,borage-flowers,edible-flowers,"40 g",250.00,350.00,0.048958333,12.24,17.25,"produce median"
qa,QAR,radish-microgreens-live-tray,microgreens,"1 live tray",130.00,182.00,0.048958333,6.36,9.00,"produce median"
qa,QAR,pea-microgreens-live-tray,microgreens,"1 live tray",130.00,182.00,0.048958333,6.36,9.00,"produce median"
qa,QAR,sunflower-microgreens-live-tray,microgreens,"1 live tray",130.00,182.00,0.048958333,6.36,9.00,"produce median"
qa,QAR,broccoli-microgreens-live-tray,microgreens,"1 live tray",130.00,182.00,0.048958333,6.36,9.00,"produce median"
qa,QAR,fenugreek-microgreens-live-tray,microgreens,"1 live tray",130.00,182.00,0.048958333,6.36,9.00,"produce median"
qa,QAR,red-amaranth-microgreens-live-tray,microgreens,"1 live tray",130.00,182.00,0.048958333,6.36,9.00,"produce median"
kw,KWD,butterhead-lettuce,leafy-greens,"1 head · 120–250 g",75.00,105.00,0.05675,0.426,0.600,"produce median"
kw,KWD,romaine-lettuce,leafy-greens,"1 head · 120–250 g",75.00,105.00,0.05675,0.426,0.600,"produce median"
kw,KWD,green-oakleaf-lettuce,leafy-greens,"75 g",80.00,112.00,0.05675,0.454,0.650,"produce median"
kw,KWD,red-oakleaf-lettuce,leafy-greens,"250 g",210.00,294.00,0.05675,1.192,1.700,"produce median"
kw,KWD,lollo-rosso-lettuce,leafy-greens,"250 g",100.00,140.00,0.05675,0.568,0.800,"produce median"
kw,KWD,lollo-bionda-lettuce,leafy-greens,"200 g",50.00,70.00,0.05675,0.284,0.400,"produce median"
kw,KWD,iceberg-lettuce,leafy-greens,"200–300 g",200.00,280.00,0.05675,1.135,1.600,"produce median"
kw,KWD,arugula,leafy-greens,"100 g",99.00,138.60,0.079646465,0.789,1.150,"own median of 2"
kw,KWD,spinach,leafy-greens,"250 g",75.00,105.00,0.05675,0.426,0.600,"produce median"
kw,KWD,baby-kale,leafy-greens,"250 g",437.00,611.80,0.05675,2.480,3.500,"produce median"
kw,KWD,curly-kale,leafy-greens,"100 g",99.00,138.60,0.05675,0.562,0.800,"produce median"
kw,KWD,lacinato-kale,leafy-greens,"100 g",99.00,138.60,0.05675,0.562,0.800,"produce median"
kw,KWD,swiss-chard,leafy-greens,"100 g",99.00,138.60,0.05675,0.562,0.800,"produce median"
kw,KWD,bok-choy,leafy-greens,"250 g",149.00,208.60,0.05675,0.846,1.200,"produce median"
kw,KWD,tatsoi,leafy-greens,"250 g",149.00,208.60,0.05675,0.846,1.200,"produce median"
kw,KWD,mizuna,leafy-greens,"100 g",99.00,138.60,0.05675,0.562,0.800,"produce median"
kw,KWD,mustard-greens,leafy-greens,"200 g",38.00,53.20,0.05675,0.216,0.350,"produce median"
kw,KWD,watercress,leafy-greens,"100 g",169.00,236.60,0.05675,0.959,1.350,"produce median"
kw,KWD,sorrel,leafy-greens,"100 g",100.00,140.00,0.05675,0.568,0.800,"produce median"
kw,KWD,endive,leafy-greens,"250 g",55.00,77.00,0.05675,0.312,0.450,"produce median"
kw,KWD,radicchio,leafy-greens,"200–300 g",80.00,112.00,0.05675,0.454,0.650,"produce median"
kw,KWD,amaranth-greens,leafy-greens,"1 bunch · 125–150 g",75.00,105.00,0.05675,0.426,0.600,"produce median"
kw,KWD,fenugreek-greens,leafy-greens,"1 bunch · 150–200 g",75.00,105.00,0.05675,0.426,0.600,"produce median"
kw,KWD,napa-cabbage,leafy-greens,"250 g",110.00,154.00,0.05675,0.624,0.900,"produce median"
kw,KWD,sweet-basil,herbs,"100 g",100.00,140.00,0.13491667,1.349,1.900,"own median of 2"
kw,KWD,thai-basil,herbs,"100 g",149.00,208.60,0.0945,1.408,2.000,"herb median"
kw,KWD,holy-basil,herbs,"250 g",150.00,210.00,0.0945,1.417,2.000,"herb median"
kw,KWD,mint,herbs,"1 bunch · 125–150 g",40.00,56.00,0.1203125,0.481,0.700,"own median of 1"
kw,KWD,coriander,herbs,"1 bunch · 150–200 g",75.00,105.00,0.0945,0.709,1.000,"own median of 1"
kw,KWD,flat-leaf-parsley,herbs,"100 g",85.00,119.00,0.04725,0.402,0.600,"own median of 1, limited"
kw,KWD,curly-parsley,herbs,"50 g",55.00,77.00,0.0945,0.520,0.750,"herb median"
kw,KWD,dill,herbs,"1 bunch · 125–150 g",75.00,105.00,0.0945,0.709,1.000,"herb median"
kw,KWD,chives,herbs,"100 g",149.00,208.60,0.0945,1.408,2.000,"herb median"
kw,KWD,garlic-chives,herbs,"100 g",100.00,140.00,0.0945,0.945,1.350,"herb median"
kw,KWD,oregano,herbs,"100 g",150.00,210.00,0.0945,1.417,2.000,"herb median"
kw,KWD,thyme,herbs,"100 g",120.00,168.00,0.0945,1.134,1.600,"herb median"
kw,KWD,rosemary,herbs,"100 g",120.00,168.00,0.0945,1.134,1.600,"herb median"
kw,KWD,sage,herbs,"100 g",150.00,210.00,0.0945,1.417,2.000,"herb median"
kw,KWD,lemon-balm,herbs,"100 g",100.00,140.00,0.0945,0.945,1.350,"herb median"
kw,KWD,shiso,herbs,"100 g",85.00,119.00,0.0945,0.803,1.150,"herb median"
kw,KWD,chervil,herbs,"100 g",100.00,140.00,0.0945,0.945,1.350,"herb median"
kw,KWD,tarragon,herbs,"100 g",100.00,140.00,0.0945,0.945,1.350,"herb median"
kw,KWD,marjoram,herbs,"100 g",40.00,56.00,0.0945,0.378,0.550,"herb median"
kw,KWD,lemongrass,herbs,"100 g",30.00,42.00,0.0945,0.283,0.400,"herb median"
kw,KWD,broccoli-microgreens,microgreens,"25 g",160.00,224.00,0.05675,0.908,1.300,"produce median"
kw,KWD,radish-microgreens,microgreens,"50 g",200.00,280.00,0.05675,1.135,1.600,"produce median"
kw,KWD,pea-shoots,microgreens,"50 g",200.00,280.00,0.05675,1.135,1.600,"produce median"
kw,KWD,sunflower-shoots,microgreens,"50 g",79.00,110.60,0.05675,0.448,0.650,"produce median"
kw,KWD,mustard-microgreens,microgreens,"50 g",200.00,280.00,0.05675,1.135,1.600,"produce median"
kw,KWD,red-cabbage-microgreens,microgreens,"50 g",179.00,250.60,0.05675,1.016,1.450,"produce median"
kw,KWD,kale-microgreens,microgreens,"50 g",179.00,250.60,0.05675,1.016,1.450,"produce median"
kw,KWD,arugula-microgreens,microgreens,"25 g",170.00,238.00,0.05675,0.965,1.400,"produce median"
kw,KWD,beet-microgreens,microgreens,"50 g",149.00,208.60,0.05675,0.846,1.200,"produce median"
kw,KWD,amaranth-microgreens,microgreens,"50 g",250.00,350.00,0.05675,1.419,2.000,"produce median"
kw,KWD,basil-microgreens,microgreens,"25 g",160.00,224.00,0.05675,0.908,1.300,"produce median"
kw,KWD,coriander-microgreens,microgreens,"50 g",149.00,208.60,0.05675,0.846,1.200,"produce median"
kw,KWD,fenugreek-microgreens,microgreens,"50 g",149.00,208.60,0.05675,0.846,1.200,"produce median"
kw,KWD,wheatgrass,microgreens,"250 g",300.00,420.00,0.05675,1.702,2.400,"produce median"
kw,KWD,kohlrabi-microgreens,microgreens,"50 g",179.00,250.60,0.05675,1.016,1.450,"produce median"
kw,KWD,garden-cress-microgreens,microgreens,"50 g",179.00,250.60,0.05675,1.016,1.450,"produce median"
kw,KWD,cherry-tomatoes,fruiting-crops,"250 g",110.00,154.00,0.072697757,0.800,1.150,"own median of 2"
kw,KWD,beefsteak-tomatoes,fruiting-crops,"250 g",220.00,308.00,0.05675,1.248,1.750,"produce median"
kw,KWD,plum-tomatoes,fruiting-crops,"250 g",220.00,308.00,0.05675,1.248,1.750,"produce median"
kw,KWD,cucumber,fruiting-crops,"500 g",60.00,84.00,0.02875,0.172,0.250,"own median of 1"
kw,KWD,bell-peppers,fruiting-crops,"3 peppers · mixed colours",250.00,350.00,0.03132,0.783,1.100,"own median of 1"
kw,KWD,green-chillies,fruiting-crops,"100 g",25.00,35.00,0.05675,0.142,0.200,"produce median"
kw,KWD,jalapeno-peppers,fruiting-crops,"200 g",65.00,91.00,0.05675,0.369,0.550,"produce median"
kw,KWD,strawberries,fruiting-crops,"250 g",250.00,350.00,0.0854,2.135,3.000,"own median of 1"
kw,KWD,eggplant,fruiting-crops,"250 g",40.00,56.00,0.05675,0.227,0.350,"produce median"
kw,KWD,zucchini,fruiting-crops,"150–200 g",57.00,79.80,0.045899123,0.262,0.400,"own median of 1"
kw,KWD,muskmelon,fruiting-crops,"1 melon",190.00,266.00,0.05675,1.078,1.550,"produce median"
kw,KWD,green-beans,fruiting-crops,"250 g",76.00,106.40,0.05675,0.431,0.650,"produce median"
kw,KWD,spring-onions,roots-and-stems,"1 bunch · 225–250 g",100.00,140.00,0.05675,0.568,0.800,"produce median"
kw,KWD,celery,roots-and-stems,"250 g",149.00,208.60,0.05675,0.846,1.200,"produce median"
kw,KWD,radish,roots-and-stems,"1 bunch · 450–500 g",100.00,140.00,0.05675,0.568,0.800,"produce median"
kw,KWD,beetroot,roots-and-stems,"250 g",45.00,63.00,0.05675,0.255,0.400,"produce median"
kw,KWD,carrot,roots-and-stems,"250 g",50.00,70.00,0.05475,0.274,0.400,"own median of 1"
kw,KWD,ginger,roots-and-stems,"250 g",85.00,119.00,0.05675,0.482,0.700,"produce median"
kw,KWD,turmeric,roots-and-stems,"250 g",65.00,91.00,0.05675,0.369,0.550,"produce median"
kw,KWD,potato,roots-and-stems,"1 kg",80.00,112.00,0.05875,0.470,0.700,"own median of 1"
kw,KWD,nasturtium-flowers,edible-flowers,"15–20 flowers",350.00,490.00,0.05675,1.986,2.800,"produce median"
kw,KWD,viola-flowers,edible-flowers,"40 g",250.00,350.00,0.05675,1.419,2.000,"produce median"
kw,KWD,pansy-flowers,edible-flowers,"40 g",250.00,350.00,0.05675,1.419,2.000,"produce median"
kw,KWD,calendula-petals,edible-flowers,"40 g",250.00,350.00,0.05675,1.419,2.000,"produce median"
kw,KWD,borage-flowers,edible-flowers,"40 g",250.00,350.00,0.05675,1.419,2.000,"produce median"
kw,KWD,radish-microgreens-live-tray,microgreens,"1 live tray",130.00,182.00,0.05675,0.738,1.050,"produce median"
kw,KWD,pea-microgreens-live-tray,microgreens,"1 live tray",130.00,182.00,0.05675,0.738,1.050,"produce median"
kw,KWD,sunflower-microgreens-live-tray,microgreens,"1 live tray",130.00,182.00,0.05675,0.738,1.050,"produce median"
kw,KWD,broccoli-microgreens-live-tray,microgreens,"1 live tray",130.00,182.00,0.05675,0.738,1.050,"produce median"
kw,KWD,fenugreek-microgreens-live-tray,microgreens,"1 live tray",130.00,182.00,0.05675,0.738,1.050,"produce median"
kw,KWD,red-amaranth-microgreens-live-tray,microgreens,"1 live tray",130.00,182.00,0.05675,0.738,1.050,"produce median"
om,OMR,butterhead-lettuce,leafy-greens,"1 head · 120–250 g",75.00,105.00,0.060416667,0.453,0.650,"produce median"
om,OMR,romaine-lettuce,leafy-greens,"1 head · 120–250 g",75.00,105.00,0.060416667,0.453,0.650,"produce median"
om,OMR,green-oakleaf-lettuce,leafy-greens,"75 g",80.00,112.00,0.060416667,0.483,0.700,"produce median"
om,OMR,red-oakleaf-lettuce,leafy-greens,"250 g",210.00,294.00,0.060416667,1.269,1.800,"produce median"
om,OMR,lollo-rosso-lettuce,leafy-greens,"250 g",100.00,140.00,0.060416667,0.604,0.850,"produce median"
om,OMR,lollo-bionda-lettuce,leafy-greens,"200 g",50.00,70.00,0.060416667,0.302,0.450,"produce median"
om,OMR,iceberg-lettuce,leafy-greens,"200–300 g",200.00,280.00,0.060416667,1.208,1.700,"produce median"
om,OMR,arugula,leafy-greens,"100 g",99.00,138.60,0.060416667,0.598,0.850,"produce median"
om,OMR,spinach,leafy-greens,"250 g",75.00,105.00,0.12083333,0.906,1.300,"own median of 1, limited"
om,OMR,baby-kale,leafy-greens,"250 g",437.00,611.80,0.060416667,2.640,3.700,"produce median"
om,OMR,curly-kale,leafy-greens,"100 g",99.00,138.60,0.060416667,0.598,0.850,"produce median"
om,OMR,lacinato-kale,leafy-greens,"100 g",99.00,138.60,0.060416667,0.598,0.850,"produce median"
om,OMR,swiss-chard,leafy-greens,"100 g",99.00,138.60,0.060416667,0.598,0.850,"produce median"
om,OMR,bok-choy,leafy-greens,"250 g",149.00,208.60,0.060416667,0.900,1.300,"produce median"
om,OMR,tatsoi,leafy-greens,"250 g",149.00,208.60,0.060416667,0.900,1.300,"produce median"
om,OMR,mizuna,leafy-greens,"100 g",99.00,138.60,0.060416667,0.598,0.850,"produce median"
om,OMR,mustard-greens,leafy-greens,"200 g",38.00,53.20,0.060416667,0.230,0.350,"produce median"
om,OMR,watercress,leafy-greens,"100 g",169.00,236.60,0.060416667,1.021,1.450,"produce median"
om,OMR,sorrel,leafy-greens,"100 g",100.00,140.00,0.060416667,0.604,0.850,"produce median"
om,OMR,endive,leafy-greens,"250 g",55.00,77.00,0.060416667,0.332,0.500,"produce median"
om,OMR,radicchio,leafy-greens,"200–300 g",80.00,112.00,0.060416667,0.483,0.700,"produce median"
om,OMR,amaranth-greens,leafy-greens,"1 bunch · 125–150 g",75.00,105.00,0.060416667,0.453,0.650,"produce median"
om,OMR,fenugreek-greens,leafy-greens,"1 bunch · 150–200 g",75.00,105.00,0.060416667,0.453,0.650,"produce median"
om,OMR,napa-cabbage,leafy-greens,"250 g",110.00,154.00,0.060416667,0.665,0.950,"produce median"
om,OMR,sweet-basil,herbs,"100 g",100.00,140.00,0.12083333,1.208,1.700,"own median of 1, limited"
om,OMR,thai-basil,herbs,"100 g",149.00,208.60,0.060416667,0.900,1.300,"produce median"
om,OMR,holy-basil,herbs,"250 g",150.00,210.00,0.060416667,0.906,1.300,"produce median"
om,OMR,mint,herbs,"1 bunch · 125–150 g",40.00,56.00,0.060416667,0.242,0.350,"produce median"
om,OMR,coriander,herbs,"1 bunch · 150–200 g",75.00,105.00,0.060416667,0.453,0.650,"produce median"
om,OMR,flat-leaf-parsley,herbs,"100 g",85.00,119.00,0.030208333,0.257,0.400,"own median of 1, limited"
om,OMR,curly-parsley,herbs,"50 g",55.00,77.00,0.060416667,0.332,0.500,"produce median"
om,OMR,dill,herbs,"1 bunch · 125–150 g",75.00,105.00,0.060416667,0.453,0.650,"produce median"
om,OMR,chives,herbs,"100 g",149.00,208.60,0.060416667,0.900,1.300,"produce median"
om,OMR,garlic-chives,herbs,"100 g",100.00,140.00,0.060416667,0.604,0.850,"produce median"
om,OMR,oregano,herbs,"100 g",150.00,210.00,0.060416667,0.906,1.300,"produce median"
om,OMR,thyme,herbs,"100 g",120.00,168.00,0.060416667,0.725,1.050,"produce median"
om,OMR,rosemary,herbs,"100 g",120.00,168.00,0.060416667,0.725,1.050,"produce median"
om,OMR,sage,herbs,"100 g",150.00,210.00,0.060416667,0.906,1.300,"produce median"
om,OMR,lemon-balm,herbs,"100 g",100.00,140.00,0.060416667,0.604,0.850,"produce median"
om,OMR,shiso,herbs,"100 g",85.00,119.00,0.060416667,0.514,0.750,"produce median"
om,OMR,chervil,herbs,"100 g",100.00,140.00,0.060416667,0.604,0.850,"produce median"
om,OMR,tarragon,herbs,"100 g",100.00,140.00,0.060416667,0.604,0.850,"produce median"
om,OMR,marjoram,herbs,"100 g",40.00,56.00,0.060416667,0.242,0.350,"produce median"
om,OMR,lemongrass,herbs,"100 g",30.00,42.00,0.060416667,0.181,0.300,"produce median"
om,OMR,broccoli-microgreens,microgreens,"25 g",160.00,224.00,0.060416667,0.967,1.400,"produce median"
om,OMR,radish-microgreens,microgreens,"50 g",200.00,280.00,0.060416667,1.208,1.700,"produce median"
om,OMR,pea-shoots,microgreens,"50 g",200.00,280.00,0.060416667,1.208,1.700,"produce median"
om,OMR,sunflower-shoots,microgreens,"50 g",79.00,110.60,0.060416667,0.477,0.700,"produce median"
om,OMR,mustard-microgreens,microgreens,"50 g",200.00,280.00,0.060416667,1.208,1.700,"produce median"
om,OMR,red-cabbage-microgreens,microgreens,"50 g",179.00,250.60,0.060416667,1.081,1.550,"produce median"
om,OMR,kale-microgreens,microgreens,"50 g",179.00,250.60,0.060416667,1.081,1.550,"produce median"
om,OMR,arugula-microgreens,microgreens,"25 g",170.00,238.00,0.060416667,1.027,1.450,"produce median"
om,OMR,beet-microgreens,microgreens,"50 g",149.00,208.60,0.060416667,0.900,1.300,"produce median"
om,OMR,amaranth-microgreens,microgreens,"50 g",250.00,350.00,0.060416667,1.510,2.150,"produce median"
om,OMR,basil-microgreens,microgreens,"25 g",160.00,224.00,0.060416667,0.967,1.400,"produce median"
om,OMR,coriander-microgreens,microgreens,"50 g",149.00,208.60,0.060416667,0.900,1.300,"produce median"
om,OMR,fenugreek-microgreens,microgreens,"50 g",149.00,208.60,0.060416667,0.900,1.300,"produce median"
om,OMR,wheatgrass,microgreens,"250 g",300.00,420.00,0.060416667,1.813,2.550,"produce median"
om,OMR,kohlrabi-microgreens,microgreens,"50 g",179.00,250.60,0.060416667,1.081,1.550,"produce median"
om,OMR,garden-cress-microgreens,microgreens,"50 g",179.00,250.60,0.060416667,1.081,1.550,"produce median"
om,OMR,cherry-tomatoes,fruiting-crops,"250 g",110.00,154.00,0.12083333,1.329,1.900,"own median of 1, limited"
om,OMR,beefsteak-tomatoes,fruiting-crops,"250 g",220.00,308.00,0.060416667,1.329,1.900,"produce median"
om,OMR,plum-tomatoes,fruiting-crops,"250 g",220.00,308.00,0.060416667,1.329,1.900,"produce median"
om,OMR,cucumber,fruiting-crops,"500 g",60.00,84.00,0.060416667,0.363,0.550,"own median of 1"
om,OMR,bell-peppers,fruiting-crops,"3 peppers · mixed colours",250.00,350.00,0.030208333,0.755,1.100,"own median of 2, limited"
om,OMR,green-chillies,fruiting-crops,"100 g",25.00,35.00,0.060416667,0.151,0.250,"produce median"
om,OMR,jalapeno-peppers,fruiting-crops,"200 g",65.00,91.00,0.060416667,0.393,0.550,"produce median"
om,OMR,strawberries,fruiting-crops,"250 g",250.00,350.00,0.030208333,0.755,1.100,"own median of 1, limited"
om,OMR,eggplant,fruiting-crops,"250 g",40.00,56.00,0.060416667,0.242,0.350,"produce median"
om,OMR,zucchini,fruiting-crops,"150–200 g",57.00,79.80,0.048815789,0.278,0.400,"own median of 1"
om,OMR,muskmelon,fruiting-crops,"1 melon",190.00,266.00,0.060416667,1.148,1.650,"produce median"
om,OMR,green-beans,fruiting-crops,"250 g",76.00,106.40,0.060416667,0.459,0.650,"produce median"
om,OMR,spring-onions,roots-and-stems,"1 bunch · 225–250 g",100.00,140.00,0.060416667,0.604,0.850,"produce median"
om,OMR,celery,roots-and-stems,"250 g",149.00,208.60,0.060416667,0.900,1.300,"produce median"
om,OMR,radish,roots-and-stems,"1 bunch · 450–500 g",100.00,140.00,0.060416667,0.604,0.850,"produce median"
om,OMR,beetroot,roots-and-stems,"250 g",45.00,63.00,0.060555556,0.273,0.400,"own median of 1"
om,OMR,carrot,roots-and-stems,"250 g",50.00,70.00,0.0445,0.223,0.350,"own median of 1"
om,OMR,ginger,roots-and-stems,"250 g",85.00,119.00,0.060416667,0.514,0.750,"produce median"
om,OMR,turmeric,roots-and-stems,"250 g",65.00,91.00,0.060416667,0.393,0.550,"produce median"
om,OMR,potato,roots-and-stems,"1 kg",80.00,112.00,0.0775,0.620,0.900,"own median of 2"
om,OMR,nasturtium-flowers,edible-flowers,"15–20 flowers",350.00,490.00,0.060416667,2.115,3.000,"produce median"
om,OMR,viola-flowers,edible-flowers,"40 g",250.00,350.00,0.060416667,1.510,2.150,"produce median"
om,OMR,pansy-flowers,edible-flowers,"40 g",250.00,350.00,0.060416667,1.510,2.150,"produce median"
om,OMR,calendula-petals,edible-flowers,"40 g",250.00,350.00,0.060416667,1.510,2.150,"produce median"
om,OMR,borage-flowers,edible-flowers,"40 g",250.00,350.00,0.060416667,1.510,2.150,"produce median"
om,OMR,radish-microgreens-live-tray,microgreens,"1 live tray",130.00,182.00,0.060416667,0.785,1.100,"produce median"
om,OMR,pea-microgreens-live-tray,microgreens,"1 live tray",130.00,182.00,0.060416667,0.785,1.100,"produce median"
om,OMR,sunflower-microgreens-live-tray,microgreens,"1 live tray",130.00,182.00,0.060416667,0.785,1.100,"produce median"
om,OMR,broccoli-microgreens-live-tray,microgreens,"1 live tray",130.00,182.00,0.060416667,0.785,1.100,"produce median"
om,OMR,fenugreek-microgreens-live-tray,microgreens,"1 live tray",130.00,182.00,0.060416667,0.785,1.100,"produce median"
om,OMR,red-amaranth-microgreens-live-tray,microgreens,"1 live tray",130.00,182.00,0.060416667,0.785,1.100,"produce median"
bh,BHD,butterhead-lettuce,leafy-greens,"1 head · 120–250 g",75.00,105.00,0.054045,0.405,0.600,"produce median"
bh,BHD,romaine-lettuce,leafy-greens,"1 head · 120–250 g",75.00,105.00,0.054045,0.405,0.600,"produce median"
bh,BHD,green-oakleaf-lettuce,leafy-greens,"75 g",80.00,112.00,0.054045,0.432,0.650,"produce median"
bh,BHD,red-oakleaf-lettuce,leafy-greens,"250 g",210.00,294.00,0.054045,1.135,1.600,"produce median"
bh,BHD,lollo-rosso-lettuce,leafy-greens,"250 g",100.00,140.00,0.054045,0.540,0.800,"produce median"
bh,BHD,lollo-bionda-lettuce,leafy-greens,"200 g",50.00,70.00,0.054045,0.270,0.400,"produce median"
bh,BHD,iceberg-lettuce,leafy-greens,"200–300 g",200.00,280.00,0.054045,1.081,1.550,"produce median"
bh,BHD,arugula,leafy-greens,"100 g",99.00,138.60,0.054045,0.535,0.750,"produce median"
bh,BHD,spinach,leafy-greens,"250 g",75.00,105.00,0.0270225,0.203,0.300,"own median of 1, limited"
bh,BHD,baby-kale,leafy-greens,"250 g",437.00,611.80,0.054045,2.362,3.350,"produce median"
bh,BHD,curly-kale,leafy-greens,"100 g",99.00,138.60,0.064444444,0.638,0.900,"own median of 1"
bh,BHD,lacinato-kale,leafy-greens,"100 g",99.00,138.60,0.054045,0.535,0.750,"produce median"
bh,BHD,swiss-chard,leafy-greens,"100 g",99.00,138.60,0.054045,0.535,0.750,"produce median"
bh,BHD,bok-choy,leafy-greens,"250 g",149.00,208.60,0.054045,0.805,1.150,"produce median"
bh,BHD,tatsoi,leafy-greens,"250 g",149.00,208.60,0.054045,0.805,1.150,"produce median"
bh,BHD,mizuna,leafy-greens,"100 g",99.00,138.60,0.054045,0.535,0.750,"produce median"
bh,BHD,mustard-greens,leafy-greens,"200 g",38.00,53.20,0.054045,0.205,0.300,"produce median"
bh,BHD,watercress,leafy-greens,"100 g",169.00,236.60,0.054045,0.913,1.300,"produce median"
bh,BHD,sorrel,leafy-greens,"100 g",100.00,140.00,0.054045,0.540,0.800,"produce median"
bh,BHD,endive,leafy-greens,"250 g",55.00,77.00,0.054045,0.297,0.450,"produce median"
bh,BHD,radicchio,leafy-greens,"200–300 g",80.00,112.00,0.054045,0.432,0.650,"produce median"
bh,BHD,amaranth-greens,leafy-greens,"1 bunch · 125–150 g",75.00,105.00,0.054045,0.405,0.600,"produce median"
bh,BHD,fenugreek-greens,leafy-greens,"1 bunch · 150–200 g",75.00,105.00,0.054045,0.405,0.600,"produce median"
bh,BHD,napa-cabbage,leafy-greens,"250 g",110.00,154.00,0.054045,0.594,0.850,"produce median"
bh,BHD,sweet-basil,herbs,"100 g",100.00,140.00,0.12375,1.238,1.750,"own median of 1, limited"
bh,BHD,thai-basil,herbs,"100 g",149.00,208.60,0.061875,0.922,1.300,"herb median"
bh,BHD,holy-basil,herbs,"250 g",150.00,210.00,0.061875,0.928,1.300,"herb median"
bh,BHD,mint,herbs,"1 bunch · 125–150 g",40.00,56.00,0.061875,0.247,0.350,"own median of 1"
bh,BHD,coriander,herbs,"1 bunch · 150–200 g",75.00,105.00,0.057555556,0.432,0.650,"own median of 2"
bh,BHD,flat-leaf-parsley,herbs,"100 g",85.00,119.00,0.0309375,0.263,0.400,"own median of 1, limited"
bh,BHD,curly-parsley,herbs,"50 g",55.00,77.00,0.061875,0.340,0.500,"herb median"
bh,BHD,dill,herbs,"1 bunch · 125–150 g",75.00,105.00,0.061875,0.464,0.650,"herb median"
bh,BHD,chives,herbs,"100 g",149.00,208.60,0.061875,0.922,1.300,"herb median"
bh,BHD,garlic-chives,herbs,"100 g",100.00,140.00,0.061875,0.619,0.900,"herb median"
bh,BHD,oregano,herbs,"100 g",150.00,210.00,0.061875,0.928,1.300,"herb median"
bh,BHD,thyme,herbs,"100 g",120.00,168.00,0.061875,0.743,1.050,"herb median"
bh,BHD,rosemary,herbs,"100 g",120.00,168.00,0.061875,0.743,1.050,"herb median"
bh,BHD,sage,herbs,"100 g",150.00,210.00,0.061875,0.928,1.300,"herb median"
bh,BHD,lemon-balm,herbs,"100 g",100.00,140.00,0.061875,0.619,0.900,"herb median"
bh,BHD,shiso,herbs,"100 g",85.00,119.00,0.061875,0.526,0.750,"herb median"
bh,BHD,chervil,herbs,"100 g",100.00,140.00,0.061875,0.619,0.900,"herb median"
bh,BHD,tarragon,herbs,"100 g",100.00,140.00,0.061875,0.619,0.900,"herb median"
bh,BHD,marjoram,herbs,"100 g",40.00,56.00,0.061875,0.247,0.350,"herb median"
bh,BHD,lemongrass,herbs,"100 g",30.00,42.00,0.061875,0.186,0.300,"herb median"
bh,BHD,broccoli-microgreens,microgreens,"25 g",160.00,224.00,0.054045,0.865,1.250,"produce median"
bh,BHD,radish-microgreens,microgreens,"50 g",200.00,280.00,0.054045,1.081,1.550,"produce median"
bh,BHD,pea-shoots,microgreens,"50 g",200.00,280.00,0.054045,1.081,1.550,"produce median"
bh,BHD,sunflower-shoots,microgreens,"50 g",79.00,110.60,0.054045,0.427,0.600,"produce median"
bh,BHD,mustard-microgreens,microgreens,"50 g",200.00,280.00,0.054045,1.081,1.550,"produce median"
bh,BHD,red-cabbage-microgreens,microgreens,"50 g",179.00,250.60,0.054045,0.967,1.400,"produce median"
bh,BHD,kale-microgreens,microgreens,"50 g",179.00,250.60,0.054045,0.967,1.400,"produce median"
bh,BHD,arugula-microgreens,microgreens,"25 g",170.00,238.00,0.054045,0.919,1.300,"produce median"
bh,BHD,beet-microgreens,microgreens,"50 g",149.00,208.60,0.054045,0.805,1.150,"produce median"
bh,BHD,amaranth-microgreens,microgreens,"50 g",250.00,350.00,0.054045,1.351,1.900,"produce median"
bh,BHD,basil-microgreens,microgreens,"25 g",160.00,224.00,0.054045,0.865,1.250,"produce median"
bh,BHD,coriander-microgreens,microgreens,"50 g",149.00,208.60,0.054045,0.805,1.150,"produce median"
bh,BHD,fenugreek-microgreens,microgreens,"50 g",149.00,208.60,0.054045,0.805,1.150,"produce median"
bh,BHD,wheatgrass,microgreens,"250 g",300.00,420.00,0.054045,1.621,2.300,"produce median"
bh,BHD,kohlrabi-microgreens,microgreens,"50 g",179.00,250.60,0.054045,0.967,1.400,"produce median"
bh,BHD,garden-cress-microgreens,microgreens,"50 g",179.00,250.60,0.054045,0.967,1.400,"produce median"
bh,BHD,cherry-tomatoes,fruiting-crops,"250 g",110.00,154.00,0.054045,0.594,0.850,"produce median"
bh,BHD,beefsteak-tomatoes,fruiting-crops,"250 g",220.00,308.00,0.054045,1.189,1.700,"produce median"
bh,BHD,plum-tomatoes,fruiting-crops,"250 g",220.00,308.00,0.054045,1.189,1.700,"produce median"
bh,BHD,cucumber,fruiting-crops,"500 g",60.00,84.00,0.0625,0.375,0.550,"own median of 1"
bh,BHD,bell-peppers,fruiting-crops,"3 peppers · mixed colours",250.00,350.00,0.036072,0.902,1.300,"own median of 2"
bh,BHD,green-chillies,fruiting-crops,"100 g",25.00,35.00,0.054045,0.135,0.200,"produce median"
bh,BHD,jalapeno-peppers,fruiting-crops,"200 g",65.00,91.00,0.054045,0.351,0.500,"produce median"
bh,BHD,strawberries,fruiting-crops,"250 g",250.00,350.00,0.10809,2.702,3.800,"own median of 1, limited"
bh,BHD,eggplant,fruiting-crops,"250 g",40.00,56.00,0.054045,0.216,0.350,"produce median"
bh,BHD,zucchini,fruiting-crops,"150–200 g",57.00,79.80,0.042368421,0.241,0.350,"own median of 1"
bh,BHD,muskmelon,fruiting-crops,"1 melon",190.00,266.00,0.054045,1.027,1.450,"produce median"
bh,BHD,green-beans,fruiting-crops,"250 g",76.00,106.40,0.054045,0.411,0.600,"produce median"
bh,BHD,spring-onions,roots-and-stems,"1 bunch · 225–250 g",100.00,140.00,0.054045,0.540,0.800,"produce median"
bh,BHD,celery,roots-and-stems,"250 g",149.00,208.60,0.054045,0.805,1.150,"produce median"
bh,BHD,radish,roots-and-stems,"1 bunch · 450–500 g",100.00,140.00,0.054045,0.540,0.800,"produce median"
bh,BHD,beetroot,roots-and-stems,"250 g",45.00,63.00,0.054045,0.243,0.350,"produce median"
bh,BHD,carrot,roots-and-stems,"250 g",50.00,70.00,0.0415,0.207,0.300,"own median of 1"
bh,BHD,ginger,roots-and-stems,"250 g",85.00,119.00,0.054045,0.459,0.650,"produce median"
bh,BHD,turmeric,roots-and-stems,"250 g",65.00,91.00,0.054045,0.351,0.500,"produce median"
bh,BHD,potato,roots-and-stems,"1 kg",80.00,112.00,0.063125,0.505,0.750,"own median of 2"
bh,BHD,nasturtium-flowers,edible-flowers,"15–20 flowers",350.00,490.00,0.054045,1.892,2.650,"produce median"
bh,BHD,viola-flowers,edible-flowers,"40 g",250.00,350.00,0.054045,1.351,1.900,"produce median"
bh,BHD,pansy-flowers,edible-flowers,"40 g",250.00,350.00,0.054045,1.351,1.900,"produce median"
bh,BHD,calendula-petals,edible-flowers,"40 g",250.00,350.00,0.054045,1.351,1.900,"produce median"
bh,BHD,borage-flowers,edible-flowers,"40 g",250.00,350.00,0.054045,1.351,1.900,"produce median"
bh,BHD,radish-microgreens-live-tray,microgreens,"1 live tray",130.00,182.00,0.054045,0.703,1.000,"produce median"
bh,BHD,pea-microgreens-live-tray,microgreens,"1 live tray",130.00,182.00,0.054045,0.703,1.000,"produce median"
bh,BHD,sunflower-microgreens-live-tray,microgreens,"1 live tray",130.00,182.00,0.054045,0.703,1.000,"produce median"
bh,BHD,broccoli-microgreens-live-tray,microgreens,"1 live tray",130.00,182.00,0.054045,0.703,1.000,"produce median"
bh,BHD,fenugreek-microgreens-live-tray,microgreens,"1 live tray",130.00,182.00,0.054045,0.703,1.000,"produce median"
bh,BHD,red-amaranth-microgreens-live-tray,microgreens,"1 live tray",130.00,182.00,0.054045,0.703,1.000,"produce median"
iq,IQD,butterhead-lettuce,leafy-greens,"1 head · 120–250 g",75.00,105.00,98.666667,740.000,1250.000,"own median of 3"
iq,IQD,romaine-lettuce,leafy-greens,"1 head · 120–250 g",75.00,105.00,96.208333,721.562,1250.000,"produce median"
iq,IQD,green-oakleaf-lettuce,leafy-greens,"75 g",80.00,112.00,96.208333,769.667,1250.000,"produce median"
iq,IQD,red-oakleaf-lettuce,leafy-greens,"250 g",210.00,294.00,96.208333,2020.375,3000.000,"produce median"
iq,IQD,lollo-rosso-lettuce,leafy-greens,"250 g",100.00,140.00,96.208333,962.083,1500.000,"produce median"
iq,IQD,lollo-bionda-lettuce,leafy-greens,"200 g",50.00,70.00,96.208333,481.042,750.000,"produce median"
iq,IQD,iceberg-lettuce,leafy-greens,"200–300 g",200.00,280.00,96.208333,1924.167,2750.000,"produce median"
iq,IQD,arugula,leafy-greens,"100 g",99.00,138.60,96.208333,952.462,1500.000,"produce median"
iq,IQD,spinach,leafy-greens,"250 g",75.00,105.00,96.208333,721.562,1250.000,"produce median"
iq,IQD,baby-kale,leafy-greens,"250 g",437.00,611.80,96.208333,4204.304,6000.000,"produce median"
iq,IQD,curly-kale,leafy-greens,"100 g",99.00,138.60,96.208333,952.462,1500.000,"produce median"
iq,IQD,lacinato-kale,leafy-greens,"100 g",99.00,138.60,96.208333,952.462,1500.000,"produce median"
iq,IQD,swiss-chard,leafy-greens,"100 g",99.00,138.60,96.208333,952.462,1500.000,"produce median"
iq,IQD,bok-choy,leafy-greens,"250 g",149.00,208.60,96.208333,1433.504,2250.000,"produce median"
iq,IQD,tatsoi,leafy-greens,"250 g",149.00,208.60,96.208333,1433.504,2250.000,"produce median"
iq,IQD,mizuna,leafy-greens,"100 g",99.00,138.60,96.208333,952.462,1500.000,"produce median"
iq,IQD,mustard-greens,leafy-greens,"200 g",38.00,53.20,96.208333,365.592,750.000,"produce median"
iq,IQD,watercress,leafy-greens,"100 g",169.00,236.60,96.208333,1625.921,2500.000,"produce median"
iq,IQD,sorrel,leafy-greens,"100 g",100.00,140.00,96.208333,962.083,1500.000,"produce median"
iq,IQD,endive,leafy-greens,"250 g",55.00,77.00,96.208333,529.146,750.000,"produce median"
iq,IQD,radicchio,leafy-greens,"200–300 g",80.00,112.00,96.208333,769.667,1250.000,"produce median"
iq,IQD,amaranth-greens,leafy-greens,"1 bunch · 125–150 g",75.00,105.00,96.208333,721.562,1250.000,"produce median"
iq,IQD,fenugreek-greens,leafy-greens,"1 bunch · 150–200 g",75.00,105.00,96.208333,721.562,1250.000,"produce median"
iq,IQD,napa-cabbage,leafy-greens,"250 g",110.00,154.00,96.208333,1058.292,1500.000,"produce median"
iq,IQD,sweet-basil,herbs,"100 g",100.00,140.00,96.208333,962.083,1500.000,"produce median"
iq,IQD,thai-basil,herbs,"100 g",149.00,208.60,96.208333,1433.504,2250.000,"produce median"
iq,IQD,holy-basil,herbs,"250 g",150.00,210.00,96.208333,1443.125,2250.000,"produce median"
iq,IQD,mint,herbs,"1 bunch · 125–150 g",40.00,56.00,96.208333,384.833,750.000,"produce median"
iq,IQD,coriander,herbs,"1 bunch · 150–200 g",75.00,105.00,192.41667,1443.125,2250.000,"own median of 1, limited"
iq,IQD,flat-leaf-parsley,herbs,"100 g",85.00,119.00,78.431373,666.667,1000.000,"own median of 1"
iq,IQD,curly-parsley,herbs,"50 g",55.00,77.00,96.208333,529.146,750.000,"produce median"
iq,IQD,dill,herbs,"1 bunch · 125–150 g",75.00,105.00,96.208333,721.562,1250.000,"produce median"
iq,IQD,chives,herbs,"100 g",149.00,208.60,96.208333,1433.504,2250.000,"produce median"
iq,IQD,garlic-chives,herbs,"100 g",100.00,140.00,96.208333,962.083,1500.000,"produce median"
iq,IQD,oregano,herbs,"100 g",150.00,210.00,96.208333,1443.125,2250.000,"produce median"
iq,IQD,thyme,herbs,"100 g",120.00,168.00,96.208333,1154.500,1750.000,"produce median"
iq,IQD,rosemary,herbs,"100 g",120.00,168.00,96.208333,1154.500,1750.000,"produce median"
iq,IQD,sage,herbs,"100 g",150.00,210.00,96.208333,1443.125,2250.000,"produce median"
iq,IQD,lemon-balm,herbs,"100 g",100.00,140.00,96.208333,962.083,1500.000,"produce median"
iq,IQD,shiso,herbs,"100 g",85.00,119.00,96.208333,817.771,1250.000,"produce median"
iq,IQD,chervil,herbs,"100 g",100.00,140.00,96.208333,962.083,1500.000,"produce median"
iq,IQD,tarragon,herbs,"100 g",100.00,140.00,96.208333,962.083,1500.000,"produce median"
iq,IQD,marjoram,herbs,"100 g",40.00,56.00,96.208333,384.833,750.000,"produce median"
iq,IQD,lemongrass,herbs,"100 g",30.00,42.00,96.208333,288.625,500.000,"produce median"
iq,IQD,broccoli-microgreens,microgreens,"25 g",160.00,224.00,96.208333,1539.333,2250.000,"produce median"
iq,IQD,radish-microgreens,microgreens,"50 g",200.00,280.00,96.208333,1924.167,2750.000,"produce median"
iq,IQD,pea-shoots,microgreens,"50 g",200.00,280.00,96.208333,1924.167,2750.000,"produce median"
iq,IQD,sunflower-shoots,microgreens,"50 g",79.00,110.60,96.208333,760.046,1250.000,"produce median"
iq,IQD,mustard-microgreens,microgreens,"50 g",200.00,280.00,96.208333,1924.167,2750.000,"produce median"
iq,IQD,red-cabbage-microgreens,microgreens,"50 g",179.00,250.60,96.208333,1722.129,2500.000,"produce median"
iq,IQD,kale-microgreens,microgreens,"50 g",179.00,250.60,96.208333,1722.129,2500.000,"produce median"
iq,IQD,arugula-microgreens,microgreens,"25 g",170.00,238.00,96.208333,1635.542,2500.000,"produce median"
iq,IQD,beet-microgreens,microgreens,"50 g",149.00,208.60,96.208333,1433.504,2250.000,"produce median"
iq,IQD,amaranth-microgreens,microgreens,"50 g",250.00,350.00,96.208333,2405.208,3500.000,"produce median"
iq,IQD,basil-microgreens,microgreens,"25 g",160.00,224.00,96.208333,1539.333,2250.000,"produce median"
iq,IQD,coriander-microgreens,microgreens,"50 g",149.00,208.60,96.208333,1433.504,2250.000,"produce median"
iq,IQD,fenugreek-microgreens,microgreens,"50 g",149.00,208.60,96.208333,1433.504,2250.000,"produce median"
iq,IQD,wheatgrass,microgreens,"250 g",300.00,420.00,96.208333,2886.250,4250.000,"produce median"
iq,IQD,kohlrabi-microgreens,microgreens,"50 g",179.00,250.60,96.208333,1722.129,2500.000,"produce median"
iq,IQD,garden-cress-microgreens,microgreens,"50 g",179.00,250.60,96.208333,1722.129,2500.000,"produce median"
iq,IQD,cherry-tomatoes,fruiting-crops,"250 g",110.00,154.00,96.208333,1058.292,1500.000,"produce median"
iq,IQD,beefsteak-tomatoes,fruiting-crops,"250 g",220.00,308.00,96.208333,2116.583,3000.000,"produce median"
iq,IQD,plum-tomatoes,fruiting-crops,"250 g",220.00,308.00,96.208333,2116.583,3000.000,"produce median"
iq,IQD,cucumber,fruiting-crops,"500 g",60.00,84.00,104.16667,625.000,1000.000,"own median of 2"
iq,IQD,bell-peppers,fruiting-crops,"3 peppers · mixed colours",250.00,350.00,64.8,1620.000,2500.000,"own median of 2"
iq,IQD,green-chillies,fruiting-crops,"100 g",25.00,35.00,96.208333,240.521,500.000,"produce median"
iq,IQD,jalapeno-peppers,fruiting-crops,"200 g",65.00,91.00,96.208333,625.354,1000.000,"produce median"
iq,IQD,strawberries,fruiting-crops,"250 g",250.00,350.00,140,3500.000,5000.000,"own median of 1"
iq,IQD,eggplant,fruiting-crops,"250 g",40.00,56.00,96.208333,384.833,750.000,"produce median"
iq,IQD,zucchini,fruiting-crops,"150–200 g",57.00,79.80,48.104167,274.194,500.000,"own median of 2, limited"
iq,IQD,muskmelon,fruiting-crops,"1 melon",190.00,266.00,96.208333,1827.958,2750.000,"produce median"
iq,IQD,green-beans,fruiting-crops,"250 g",76.00,106.40,96.208333,731.183,1250.000,"produce median"
iq,IQD,spring-onions,roots-and-stems,"1 bunch · 225–250 g",100.00,140.00,96.208333,962.083,1500.000,"produce median"
iq,IQD,celery,roots-and-stems,"250 g",149.00,208.60,96.208333,1433.504,2250.000,"produce median"
iq,IQD,radish,roots-and-stems,"1 bunch · 450–500 g",100.00,140.00,96.208333,962.083,1500.000,"produce median"
iq,IQD,beetroot,roots-and-stems,"250 g",45.00,63.00,111.11111,500.000,750.000,"own median of 1"
iq,IQD,carrot,roots-and-stems,"250 g",50.00,70.00,71.875,359.375,750.000,"own median of 2"
iq,IQD,ginger,roots-and-stems,"250 g",85.00,119.00,96.208333,817.771,1250.000,"produce median"
iq,IQD,turmeric,roots-and-stems,"250 g",65.00,91.00,96.208333,625.354,1000.000,"produce median"
iq,IQD,potato,roots-and-stems,"1 kg",80.00,112.00,192.41667,1539.333,2250.000,"own median of 1, limited"
iq,IQD,nasturtium-flowers,edible-flowers,"15–20 flowers",350.00,490.00,96.208333,3367.292,4750.000,"produce median"
iq,IQD,viola-flowers,edible-flowers,"40 g",250.00,350.00,96.208333,2405.208,3500.000,"produce median"
iq,IQD,pansy-flowers,edible-flowers,"40 g",250.00,350.00,96.208333,2405.208,3500.000,"produce median"
iq,IQD,calendula-petals,edible-flowers,"40 g",250.00,350.00,96.208333,2405.208,3500.000,"produce median"
iq,IQD,borage-flowers,edible-flowers,"40 g",250.00,350.00,96.208333,2405.208,3500.000,"produce median"
iq,IQD,radish-microgreens-live-tray,microgreens,"1 live tray",130.00,182.00,96.208333,1250.708,2000.000,"produce median"
iq,IQD,pea-microgreens-live-tray,microgreens,"1 live tray",130.00,182.00,96.208333,1250.708,2000.000,"produce median"
iq,IQD,sunflower-microgreens-live-tray,microgreens,"1 live tray",130.00,182.00,96.208333,1250.708,2000.000,"produce median"
iq,IQD,broccoli-microgreens-live-tray,microgreens,"1 live tray",130.00,182.00,96.208333,1250.708,2000.000,"produce median"
iq,IQD,fenugreek-microgreens-live-tray,microgreens,"1 live tray",130.00,182.00,96.208333,1250.708,2000.000,"produce median"
iq,IQD,red-amaranth-microgreens-live-tray,microgreens,"1 live tray",130.00,182.00,96.208333,1250.708,2000.000,"produce median"
de,EUR,butterhead-lettuce,leafy-greens,"1 head · 120–250 g",75.00,105.00,0.029866667,2.24,3.15,"own median of 2"
de,EUR,romaine-lettuce,leafy-greens,"1 head · 120–250 g",75.00,105.00,0.021272727,1.60,2.25,"produce median"
de,EUR,green-oakleaf-lettuce,leafy-greens,"75 g",80.00,112.00,0.021272727,1.70,2.40,"produce median"
de,EUR,red-oakleaf-lettuce,leafy-greens,"250 g",210.00,294.00,0.021272727,4.47,6.30,"produce median"
de,EUR,lollo-rosso-lettuce,leafy-greens,"250 g",100.00,140.00,0.021272727,2.13,3.00,"produce median"
de,EUR,lollo-bionda-lettuce,leafy-greens,"200 g",50.00,70.00,0.021272727,1.06,1.50,"produce median"
de,EUR,iceberg-lettuce,leafy-greens,"200–300 g",200.00,280.00,0.021272727,4.25,6.00,"produce median"
de,EUR,arugula,leafy-greens,"100 g",99.00,138.60,0.012535354,1.24,1.75,"own median of 2"
de,EUR,spinach,leafy-greens,"250 g",75.00,105.00,0.042545455,3.19,4.50,"own median of 1, limited"
de,EUR,baby-kale,leafy-greens,"250 g",437.00,611.80,0.021272727,9.30,13.05,"produce median"
de,EUR,curly-kale,leafy-greens,"100 g",99.00,138.60,0.021272727,2.11,2.95,"produce median"
de,EUR,lacinato-kale,leafy-greens,"100 g",99.00,138.60,0.021272727,2.11,2.95,"produce median"
de,EUR,swiss-chard,leafy-greens,"100 g",99.00,138.60,0.021272727,2.11,2.95,"produce median"
de,EUR,bok-choy,leafy-greens,"250 g",149.00,208.60,0.021272727,3.17,4.45,"produce median"
de,EUR,tatsoi,leafy-greens,"250 g",149.00,208.60,0.021272727,3.17,4.45,"produce median"
de,EUR,mizuna,leafy-greens,"100 g",99.00,138.60,0.021272727,2.11,2.95,"produce median"
de,EUR,mustard-greens,leafy-greens,"200 g",38.00,53.20,0.021272727,0.81,1.15,"produce median"
de,EUR,watercress,leafy-greens,"100 g",169.00,236.60,0.021272727,3.60,5.05,"produce median"
de,EUR,sorrel,leafy-greens,"100 g",100.00,140.00,0.021272727,2.13,3.00,"produce median"
de,EUR,endive,leafy-greens,"250 g",55.00,77.00,0.021272727,1.17,1.65,"produce median"
de,EUR,radicchio,leafy-greens,"200–300 g",80.00,112.00,0.021272727,1.70,2.40,"produce median"
de,EUR,amaranth-greens,leafy-greens,"1 bunch · 125–150 g",75.00,105.00,0.021272727,1.60,2.25,"produce median"
de,EUR,fenugreek-greens,leafy-greens,"1 bunch · 150–200 g",75.00,105.00,0.021272727,1.60,2.25,"produce median"
de,EUR,napa-cabbage,leafy-greens,"250 g",110.00,154.00,0.021272727,2.34,3.30,"produce median"
de,EUR,sweet-basil,herbs,"100 g",100.00,140.00,0.021272727,2.13,3.00,"produce median"
de,EUR,thai-basil,herbs,"100 g",149.00,208.60,0.021272727,3.17,4.45,"produce median"
de,EUR,holy-basil,herbs,"250 g",150.00,210.00,0.021272727,3.19,4.50,"produce median"
de,EUR,mint,herbs,"1 bunch · 125–150 g",40.00,56.00,0.021272727,0.85,1.20,"produce median"
de,EUR,coriander,herbs,"1 bunch · 150–200 g",75.00,105.00,0.021272727,1.60,2.25,"produce median"
de,EUR,flat-leaf-parsley,herbs,"100 g",85.00,119.00,0.037941176,3.22,4.55,"own median of 1"
de,EUR,curly-parsley,herbs,"50 g",55.00,77.00,0.021272727,1.17,1.65,"produce median"
de,EUR,dill,herbs,"1 bunch · 125–150 g",75.00,105.00,0.021272727,1.60,2.25,"produce median"
de,EUR,chives,herbs,"100 g",149.00,208.60,0.021272727,3.17,4.45,"produce median"
de,EUR,garlic-chives,herbs,"100 g",100.00,140.00,0.021272727,2.13,3.00,"produce median"
de,EUR,oregano,herbs,"100 g",150.00,210.00,0.021272727,3.19,4.50,"produce median"
de,EUR,thyme,herbs,"100 g",120.00,168.00,0.021272727,2.55,3.60,"produce median"
de,EUR,rosemary,herbs,"100 g",120.00,168.00,0.021272727,2.55,3.60,"produce median"
de,EUR,sage,herbs,"100 g",150.00,210.00,0.021272727,3.19,4.50,"produce median"
de,EUR,lemon-balm,herbs,"100 g",100.00,140.00,0.021272727,2.13,3.00,"produce median"
de,EUR,shiso,herbs,"100 g",85.00,119.00,0.021272727,1.81,2.55,"produce median"
de,EUR,chervil,herbs,"100 g",100.00,140.00,0.021272727,2.13,3.00,"produce median"
de,EUR,tarragon,herbs,"100 g",100.00,140.00,0.021272727,2.13,3.00,"produce median"
de,EUR,marjoram,herbs,"100 g",40.00,56.00,0.021272727,0.85,1.20,"produce median"
de,EUR,lemongrass,herbs,"100 g",30.00,42.00,0.021272727,0.64,0.90,"produce median"
de,EUR,broccoli-microgreens,microgreens,"25 g",160.00,224.00,0.021272727,3.40,4.80,"produce median"
de,EUR,radish-microgreens,microgreens,"50 g",200.00,280.00,0.021272727,4.25,6.00,"produce median"
de,EUR,pea-shoots,microgreens,"50 g",200.00,280.00,0.021272727,4.25,6.00,"produce median"
de,EUR,sunflower-shoots,microgreens,"50 g",79.00,110.60,0.021272727,1.68,2.40,"produce median"
de,EUR,mustard-microgreens,microgreens,"50 g",200.00,280.00,0.021272727,4.25,6.00,"produce median"
de,EUR,red-cabbage-microgreens,microgreens,"50 g",179.00,250.60,0.021272727,3.81,5.35,"produce median"
de,EUR,kale-microgreens,microgreens,"50 g",179.00,250.60,0.021272727,3.81,5.35,"produce median"
de,EUR,arugula-microgreens,microgreens,"25 g",170.00,238.00,0.021272727,3.62,5.10,"produce median"
de,EUR,beet-microgreens,microgreens,"50 g",149.00,208.60,0.021272727,3.17,4.45,"produce median"
de,EUR,amaranth-microgreens,microgreens,"50 g",250.00,350.00,0.021272727,5.32,7.45,"produce median"
de,EUR,basil-microgreens,microgreens,"25 g",160.00,224.00,0.021272727,3.40,4.80,"produce median"
de,EUR,coriander-microgreens,microgreens,"50 g",149.00,208.60,0.021272727,3.17,4.45,"produce median"
de,EUR,fenugreek-microgreens,microgreens,"50 g",149.00,208.60,0.021272727,3.17,4.45,"produce median"
de,EUR,wheatgrass,microgreens,"250 g",300.00,420.00,0.021272727,6.38,8.95,"produce median"
de,EUR,kohlrabi-microgreens,microgreens,"50 g",179.00,250.60,0.021272727,3.81,5.35,"produce median"
de,EUR,garden-cress-microgreens,microgreens,"50 g",179.00,250.60,0.021272727,3.81,5.35,"produce median"
de,EUR,cherry-tomatoes,fruiting-crops,"250 g",110.00,154.00,0.031727273,3.49,4.90,"own median of 2"
de,EUR,beefsteak-tomatoes,fruiting-crops,"250 g",220.00,308.00,0.021272727,4.68,6.60,"produce median"
de,EUR,plum-tomatoes,fruiting-crops,"250 g",220.00,308.00,0.021272727,4.68,6.60,"produce median"
de,EUR,cucumber,fruiting-crops,"500 g",60.00,84.00,0.042545455,2.55,3.60,"own median of 1, limited"
de,EUR,bell-peppers,fruiting-crops,"3 peppers · mixed colours",250.00,350.00,0.010636364,2.66,3.75,"own median of 1, limited"
de,EUR,green-chillies,fruiting-crops,"100 g",25.00,35.00,0.021272727,0.53,0.75,"produce median"
de,EUR,jalapeno-peppers,fruiting-crops,"200 g",65.00,91.00,0.021272727,1.38,1.95,"produce median"
de,EUR,strawberries,fruiting-crops,"250 g",250.00,350.00,0.01596,3.99,5.60,"own median of 1"
de,EUR,eggplant,fruiting-crops,"250 g",40.00,56.00,0.021272727,0.85,1.20,"produce median"
de,EUR,zucchini,fruiting-crops,"150–200 g",57.00,79.80,0.012414188,0.71,1.00,"own median of 1"
de,EUR,muskmelon,fruiting-crops,"1 melon",190.00,266.00,0.021272727,4.04,5.70,"produce median"
de,EUR,green-beans,fruiting-crops,"250 g",76.00,106.40,0.021272727,1.62,2.30,"produce median"
de,EUR,spring-onions,roots-and-stems,"1 bunch · 225–250 g",100.00,140.00,0.021272727,2.13,3.00,"produce median"
de,EUR,celery,roots-and-stems,"250 g",149.00,208.60,0.021272727,3.17,4.45,"produce median"
de,EUR,radish,roots-and-stems,"1 bunch · 450–500 g",100.00,140.00,0.021272727,2.13,3.00,"produce median"
de,EUR,beetroot,roots-and-stems,"250 g",45.00,63.00,0.021272727,0.96,1.35,"produce median"
de,EUR,carrot,roots-and-stems,"250 g",50.00,70.00,0.019,0.95,1.35,"own median of 1"
de,EUR,ginger,roots-and-stems,"250 g",85.00,119.00,0.021272727,1.81,2.55,"produce median"
de,EUR,turmeric,roots-and-stems,"250 g",65.00,91.00,0.021272727,1.38,1.95,"produce median"
de,EUR,potato,roots-and-stems,"1 kg",80.00,112.00,0.03625,2.90,4.10,"own median of 1"
de,EUR,nasturtium-flowers,edible-flowers,"15–20 flowers",350.00,490.00,0.021272727,7.45,10.45,"produce median"
de,EUR,viola-flowers,edible-flowers,"40 g",250.00,350.00,0.021272727,5.32,7.45,"produce median"
de,EUR,pansy-flowers,edible-flowers,"40 g",250.00,350.00,0.021272727,5.32,7.45,"produce median"
de,EUR,calendula-petals,edible-flowers,"40 g",250.00,350.00,0.021272727,5.32,7.45,"produce median"
de,EUR,borage-flowers,edible-flowers,"40 g",250.00,350.00,0.021272727,5.32,7.45,"produce median"
de,EUR,radish-microgreens-live-tray,microgreens,"1 live tray",130.00,182.00,0.010636364,1.38,1.95,"own median of 1, limited"
de,EUR,pea-microgreens-live-tray,microgreens,"1 live tray",130.00,182.00,0.010636364,1.38,1.95,"own median of 1, limited"
de,EUR,sunflower-microgreens-live-tray,microgreens,"1 live tray",130.00,182.00,0.010636364,1.38,1.95,"own median of 1, limited"
de,EUR,broccoli-microgreens-live-tray,microgreens,"1 live tray",130.00,182.00,0.010636364,1.38,1.95,"own median of 1, limited"
de,EUR,fenugreek-microgreens-live-tray,microgreens,"1 live tray",130.00,182.00,0.010636364,1.38,1.95,"own median of 1, limited"
de,EUR,red-amaranth-microgreens-live-tray,microgreens,"1 live tray",130.00,182.00,0.010636364,1.38,1.95,"own median of 1, limited"
nl,EUR,butterhead-lettuce,leafy-greens,"1 head · 120–250 g",75.00,105.00,0.03225,2.42,3.40,"own median of 1, limited"
nl,EUR,romaine-lettuce,leafy-greens,"1 head · 120–250 g",75.00,105.00,0.016125,1.21,1.70,"produce median"
nl,EUR,green-oakleaf-lettuce,leafy-greens,"75 g",80.00,112.00,0.016125,1.29,1.85,"produce median"
nl,EUR,red-oakleaf-lettuce,leafy-greens,"250 g",210.00,294.00,0.016125,3.39,4.75,"produce median"
nl,EUR,lollo-rosso-lettuce,leafy-greens,"250 g",100.00,140.00,0.016125,1.61,2.30,"produce median"
nl,EUR,lollo-bionda-lettuce,leafy-greens,"200 g",50.00,70.00,0.016125,0.81,1.15,"produce median"
nl,EUR,iceberg-lettuce,leafy-greens,"200–300 g",200.00,280.00,0.016125,3.23,4.55,"produce median"
nl,EUR,arugula,leafy-greens,"100 g",99.00,138.60,0.025289661,2.50,3.55,"own median of 2"
nl,EUR,spinach,leafy-greens,"250 g",75.00,105.00,0.03225,2.42,3.40,"own median of 2, limited"
nl,EUR,baby-kale,leafy-greens,"250 g",437.00,611.80,0.016125,7.05,9.90,"produce median"
nl,EUR,curly-kale,leafy-greens,"100 g",99.00,138.60,0.0080625,0.80,1.15,"own median of 1, limited"
nl,EUR,lacinato-kale,leafy-greens,"100 g",99.00,138.60,0.016125,1.60,2.25,"produce median"
nl,EUR,swiss-chard,leafy-greens,"100 g",99.00,138.60,0.016125,1.60,2.25,"produce median"
nl,EUR,bok-choy,leafy-greens,"250 g",149.00,208.60,0.016125,2.40,3.40,"produce median"
nl,EUR,tatsoi,leafy-greens,"250 g",149.00,208.60,0.016125,2.40,3.40,"produce median"
nl,EUR,mizuna,leafy-greens,"100 g",99.00,138.60,0.016125,1.60,2.25,"produce median"
nl,EUR,mustard-greens,leafy-greens,"200 g",38.00,53.20,0.016125,0.61,0.90,"produce median"
nl,EUR,watercress,leafy-greens,"100 g",169.00,236.60,0.016125,2.73,3.85,"produce median"
nl,EUR,sorrel,leafy-greens,"100 g",100.00,140.00,0.016125,1.61,2.30,"produce median"
nl,EUR,endive,leafy-greens,"250 g",55.00,77.00,0.016125,0.89,1.25,"produce median"
nl,EUR,radicchio,leafy-greens,"200–300 g",80.00,112.00,0.016125,1.29,1.85,"produce median"
nl,EUR,amaranth-greens,leafy-greens,"1 bunch · 125–150 g",75.00,105.00,0.016125,1.21,1.70,"produce median"
nl,EUR,fenugreek-greens,leafy-greens,"1 bunch · 150–200 g",75.00,105.00,0.016125,1.21,1.70,"produce median"
nl,EUR,napa-cabbage,leafy-greens,"250 g",110.00,154.00,0.016125,1.77,2.50,"produce median"
nl,EUR,sweet-basil,herbs,"100 g",100.00,140.00,0.0545,5.45,7.65,"own median of 1"
nl,EUR,thai-basil,herbs,"100 g",149.00,208.60,0.0545,8.12,11.40,"herb median"
nl,EUR,holy-basil,herbs,"250 g",150.00,210.00,0.0545,8.18,11.45,"herb median"
nl,EUR,mint,herbs,"1 bunch · 125–150 g",40.00,56.00,0.090992647,3.64,5.10,"own median of 1"
nl,EUR,coriander,herbs,"1 bunch · 150–200 g",75.00,105.00,0.0545,4.09,5.75,"herb median"
nl,EUR,flat-leaf-parsley,herbs,"100 g",85.00,119.00,0.037941176,3.22,4.55,"own median of 1"
nl,EUR,curly-parsley,herbs,"50 g",55.00,77.00,0.0545,3.00,4.20,"herb median"
nl,EUR,dill,herbs,"1 bunch · 125–150 g",75.00,105.00,0.0545,4.09,5.75,"herb median"
nl,EUR,chives,herbs,"100 g",149.00,208.60,0.0545,8.12,11.40,"herb median"
nl,EUR,garlic-chives,herbs,"100 g",100.00,140.00,0.0545,5.45,7.65,"herb median"
nl,EUR,oregano,herbs,"100 g",150.00,210.00,0.0545,8.18,11.45,"herb median"
nl,EUR,thyme,herbs,"100 g",120.00,168.00,0.0545,6.54,9.20,"herb median"
nl,EUR,rosemary,herbs,"100 g",120.00,168.00,0.0545,6.54,9.20,"herb median"
nl,EUR,sage,herbs,"100 g",150.00,210.00,0.0545,8.18,11.45,"herb median"
nl,EUR,lemon-balm,herbs,"100 g",100.00,140.00,0.0545,5.45,7.65,"herb median"
nl,EUR,shiso,herbs,"100 g",85.00,119.00,0.0545,4.63,6.50,"herb median"
nl,EUR,chervil,herbs,"100 g",100.00,140.00,0.0545,5.45,7.65,"herb median"
nl,EUR,tarragon,herbs,"100 g",100.00,140.00,0.0545,5.45,7.65,"herb median"
nl,EUR,marjoram,herbs,"100 g",40.00,56.00,0.0545,2.18,3.10,"herb median"
nl,EUR,lemongrass,herbs,"100 g",30.00,42.00,0.0545,1.64,2.30,"herb median"
nl,EUR,broccoli-microgreens,microgreens,"25 g",160.00,224.00,0.016125,2.58,3.65,"produce median"
nl,EUR,radish-microgreens,microgreens,"50 g",200.00,280.00,0.016125,3.23,4.55,"produce median"
nl,EUR,pea-shoots,microgreens,"50 g",200.00,280.00,0.016125,3.23,4.55,"produce median"
nl,EUR,sunflower-shoots,microgreens,"50 g",79.00,110.60,0.016125,1.27,1.80,"produce median"
nl,EUR,mustard-microgreens,microgreens,"50 g",200.00,280.00,0.016125,3.23,4.55,"produce median"
nl,EUR,red-cabbage-microgreens,microgreens,"50 g",179.00,250.60,0.016125,2.89,4.05,"produce median"
nl,EUR,kale-microgreens,microgreens,"50 g",179.00,250.60,0.016125,2.89,4.05,"produce median"
nl,EUR,arugula-microgreens,microgreens,"25 g",170.00,238.00,0.016125,2.74,3.85,"produce median"
nl,EUR,beet-microgreens,microgreens,"50 g",149.00,208.60,0.016125,2.40,3.40,"produce median"
nl,EUR,amaranth-microgreens,microgreens,"50 g",250.00,350.00,0.016125,4.03,5.65,"produce median"
nl,EUR,basil-microgreens,microgreens,"25 g",160.00,224.00,0.016125,2.58,3.65,"produce median"
nl,EUR,coriander-microgreens,microgreens,"50 g",149.00,208.60,0.016125,2.40,3.40,"produce median"
nl,EUR,fenugreek-microgreens,microgreens,"50 g",149.00,208.60,0.016125,2.40,3.40,"produce median"
nl,EUR,wheatgrass,microgreens,"250 g",300.00,420.00,0.016125,4.84,6.80,"produce median"
nl,EUR,kohlrabi-microgreens,microgreens,"50 g",179.00,250.60,0.016125,2.89,4.05,"produce median"
nl,EUR,garden-cress-microgreens,microgreens,"50 g",179.00,250.60,0.019413408,3.48,4.90,"own median of 1"
nl,EUR,cherry-tomatoes,fruiting-crops,"250 g",110.00,154.00,0.019909091,2.19,3.10,"own median of 2"
nl,EUR,beefsteak-tomatoes,fruiting-crops,"250 g",220.00,308.00,0.016125,3.55,5.00,"produce median"
nl,EUR,plum-tomatoes,fruiting-crops,"250 g",220.00,308.00,0.016125,3.55,5.00,"produce median"
nl,EUR,cucumber,fruiting-crops,"500 g",60.00,84.00,0.03225,1.94,2.75,"own median of 2, limited"
nl,EUR,bell-peppers,fruiting-crops,"3 peppers · mixed colours",250.00,350.00,0.01491,3.73,5.25,"own median of 2"
nl,EUR,green-chillies,fruiting-crops,"100 g",25.00,35.00,0.016125,0.40,0.60,"produce median"
nl,EUR,jalapeno-peppers,fruiting-crops,"200 g",65.00,91.00,0.016125,1.05,1.50,"produce median"
nl,EUR,strawberries,fruiting-crops,"250 g",250.00,350.00,0.00996,2.49,3.50,"own median of 1"
nl,EUR,eggplant,fruiting-crops,"250 g",40.00,56.00,0.016125,0.65,0.95,"produce median"
nl,EUR,zucchini,fruiting-crops,"150–200 g",57.00,79.80,0.011912281,0.68,1.00,"own median of 2"
nl,EUR,muskmelon,fruiting-crops,"1 melon",190.00,266.00,0.016125,3.06,4.30,"produce median"
nl,EUR,green-beans,fruiting-crops,"250 g",76.00,106.40,0.016125,1.23,1.75,"produce median"
nl,EUR,spring-onions,roots-and-stems,"1 bunch · 225–250 g",100.00,140.00,0.016125,1.61,2.30,"produce median"
nl,EUR,celery,roots-and-stems,"250 g",149.00,208.60,0.016125,2.40,3.40,"produce median"
nl,EUR,radish,roots-and-stems,"1 bunch · 450–500 g",100.00,140.00,0.016125,1.61,2.30,"produce median"
nl,EUR,beetroot,roots-and-stems,"250 g",45.00,63.00,0.016125,0.73,1.05,"produce median"
nl,EUR,carrot,roots-and-stems,"250 g",50.00,70.00,0.0081,0.41,0.60,"own median of 2"
nl,EUR,ginger,roots-and-stems,"250 g",85.00,119.00,0.016125,1.37,1.95,"produce median"
nl,EUR,turmeric,roots-and-stems,"250 g",65.00,91.00,0.016125,1.05,1.50,"produce median"
nl,EUR,potato,roots-and-stems,"1 kg",80.00,112.00,0.016125,1.29,1.85,"own median of 1"
nl,EUR,nasturtium-flowers,edible-flowers,"15–20 flowers",350.00,490.00,0.016125,5.64,7.95,"produce median"
nl,EUR,viola-flowers,edible-flowers,"40 g",250.00,350.00,0.016125,4.03,5.65,"produce median"
nl,EUR,pansy-flowers,edible-flowers,"40 g",250.00,350.00,0.016125,4.03,5.65,"produce median"
nl,EUR,calendula-petals,edible-flowers,"40 g",250.00,350.00,0.016125,4.03,5.65,"produce median"
nl,EUR,borage-flowers,edible-flowers,"40 g",250.00,350.00,0.016125,4.03,5.65,"produce median"
nl,EUR,radish-microgreens-live-tray,microgreens,"1 live tray",130.00,182.00,0.016125,2.10,2.95,"produce median"
nl,EUR,pea-microgreens-live-tray,microgreens,"1 live tray",130.00,182.00,0.016125,2.10,2.95,"produce median"
nl,EUR,sunflower-microgreens-live-tray,microgreens,"1 live tray",130.00,182.00,0.016125,2.10,2.95,"produce median"
nl,EUR,broccoli-microgreens-live-tray,microgreens,"1 live tray",130.00,182.00,0.016125,2.10,2.95,"produce median"
nl,EUR,fenugreek-microgreens-live-tray,microgreens,"1 live tray",130.00,182.00,0.016125,2.10,2.95,"produce median"
nl,EUR,red-amaranth-microgreens-live-tray,microgreens,"1 live tray",130.00,182.00,0.016125,2.10,2.95,"produce median"
jp,JPY,butterhead-lettuce,leafy-greens,"1 head · 120–250 g",75.00,105.00,0.033881313,254,360,"own median of 1, limited"
jp,JPY,romaine-lettuce,leafy-greens,"1 head · 120–250 g",75.00,105.00,0.067762626,508,720,"produce median"
jp,JPY,green-oakleaf-lettuce,leafy-greens,"75 g",80.00,112.00,0.067762626,542,760,"produce median"
jp,JPY,red-oakleaf-lettuce,leafy-greens,"250 g",210.00,294.00,0.067762626,1423,2000,"produce median"
jp,JPY,lollo-rosso-lettuce,leafy-greens,"250 g",100.00,140.00,0.067762626,678,950,"produce median"
jp,JPY,lollo-bionda-lettuce,leafy-greens,"200 g",50.00,70.00,0.067762626,339,480,"produce median"
jp,JPY,iceberg-lettuce,leafy-greens,"200–300 g",200.00,280.00,0.067762626,1355,1900,"produce median"
jp,JPY,arugula,leafy-greens,"100 g",99.00,138.60,0.052525253,520,730,"own median of 1"
jp,JPY,spinach,leafy-greens,"250 g",75.00,105.00,0.083,623,880,"own median of 1"
jp,JPY,baby-kale,leafy-greens,"250 g",437.00,611.80,0.067762626,2961,4150,"produce median"
jp,JPY,curly-kale,leafy-greens,"100 g",99.00,138.60,0.067762626,671,940,"produce median"
jp,JPY,lacinato-kale,leafy-greens,"100 g",99.00,138.60,0.067762626,671,940,"produce median"
jp,JPY,swiss-chard,leafy-greens,"100 g",99.00,138.60,0.067762626,671,940,"produce median"
jp,JPY,bok-choy,leafy-greens,"250 g",149.00,208.60,0.067762626,1010,1420,"produce median"
jp,JPY,tatsoi,leafy-greens,"250 g",149.00,208.60,0.067762626,1010,1420,"produce median"
jp,JPY,mizuna,leafy-greens,"100 g",99.00,138.60,0.067762626,671,940,"produce median"
jp,JPY,mustard-greens,leafy-greens,"200 g",38.00,53.20,0.067762626,257,370,"produce median"
jp,JPY,watercress,leafy-greens,"100 g",169.00,236.60,0.067762626,1145,1610,"produce median"
jp,JPY,sorrel,leafy-greens,"100 g",100.00,140.00,0.067762626,678,950,"produce median"
jp,JPY,endive,leafy-greens,"250 g",55.00,77.00,0.067762626,373,530,"produce median"
jp,JPY,radicchio,leafy-greens,"200–300 g",80.00,112.00,0.067762626,542,760,"produce median"
jp,JPY,amaranth-greens,leafy-greens,"1 bunch · 125–150 g",75.00,105.00,0.067762626,508,720,"produce median"
jp,JPY,fenugreek-greens,leafy-greens,"1 bunch · 150–200 g",75.00,105.00,0.067762626,508,720,"produce median"
jp,JPY,napa-cabbage,leafy-greens,"250 g",110.00,154.00,0.067762626,745,1050,"produce median"
jp,JPY,sweet-basil,herbs,"100 g",100.00,140.00,0.1848,1848,2590,"own median of 1"
jp,JPY,thai-basil,herbs,"100 g",149.00,208.60,0.20673333,3080,4320,"herb median"
jp,JPY,holy-basil,herbs,"250 g",150.00,210.00,0.20673333,3101,4350,"herb median"
jp,JPY,mint,herbs,"1 bunch · 125–150 g",40.00,56.00,0.41346667,1654,2320,"own median of 1, limited"
jp,JPY,coriander,herbs,"1 bunch · 150–200 g",75.00,105.00,0.22866667,1715,2410,"own median of 1"
jp,JPY,flat-leaf-parsley,herbs,"100 g",85.00,119.00,0.10336667,879,1240,"own median of 1, limited"
jp,JPY,curly-parsley,herbs,"50 g",55.00,77.00,0.20673333,1137,1600,"herb median"
jp,JPY,dill,herbs,"1 bunch · 125–150 g",75.00,105.00,0.20673333,1550,2180,"herb median"
jp,JPY,chives,herbs,"100 g",149.00,208.60,0.20673333,3080,4320,"herb median"
jp,JPY,garlic-chives,herbs,"100 g",100.00,140.00,0.20673333,2067,2900,"herb median"
jp,JPY,oregano,herbs,"100 g",150.00,210.00,0.20673333,3101,4350,"herb median"
jp,JPY,thyme,herbs,"100 g",120.00,168.00,0.20673333,2481,3480,"herb median"
jp,JPY,rosemary,herbs,"100 g",120.00,168.00,0.20673333,2481,3480,"herb median"
jp,JPY,sage,herbs,"100 g",150.00,210.00,0.20673333,3101,4350,"herb median"
jp,JPY,lemon-balm,herbs,"100 g",100.00,140.00,0.20673333,2067,2900,"herb median"
jp,JPY,shiso,herbs,"100 g",85.00,119.00,0.20673333,1757,2470,"herb median"
jp,JPY,chervil,herbs,"100 g",100.00,140.00,0.20673333,2067,2900,"herb median"
jp,JPY,tarragon,herbs,"100 g",100.00,140.00,0.20673333,2067,2900,"herb median"
jp,JPY,marjoram,herbs,"100 g",40.00,56.00,0.20673333,827,1160,"herb median"
jp,JPY,lemongrass,herbs,"100 g",30.00,42.00,0.20673333,620,870,"herb median"
jp,JPY,broccoli-microgreens,microgreens,"25 g",160.00,224.00,0.067762626,1084,1520,"produce median"
jp,JPY,radish-microgreens,microgreens,"50 g",200.00,280.00,0.067762626,1355,1900,"produce median"
jp,JPY,pea-shoots,microgreens,"50 g",200.00,280.00,0.067762626,1355,1900,"produce median"
jp,JPY,sunflower-shoots,microgreens,"50 g",79.00,110.60,0.067762626,535,750,"produce median"
jp,JPY,mustard-microgreens,microgreens,"50 g",200.00,280.00,0.067762626,1355,1900,"produce median"
jp,JPY,red-cabbage-microgreens,microgreens,"50 g",179.00,250.60,0.067762626,1213,1700,"produce median"
jp,JPY,kale-microgreens,microgreens,"50 g",179.00,250.60,0.067762626,1213,1700,"produce median"
jp,JPY,arugula-microgreens,microgreens,"25 g",170.00,238.00,0.067762626,1152,1620,"produce median"
jp,JPY,beet-microgreens,microgreens,"50 g",149.00,208.60,0.067762626,1010,1420,"produce median"
jp,JPY,amaranth-microgreens,microgreens,"50 g",250.00,350.00,0.067762626,1694,2380,"produce median"
jp,JPY,basil-microgreens,microgreens,"25 g",160.00,224.00,0.067762626,1084,1520,"produce median"
jp,JPY,coriander-microgreens,microgreens,"50 g",149.00,208.60,0.067762626,1010,1420,"produce median"
jp,JPY,fenugreek-microgreens,microgreens,"50 g",149.00,208.60,0.067762626,1010,1420,"produce median"
jp,JPY,wheatgrass,microgreens,"250 g",300.00,420.00,0.067762626,2033,2850,"produce median"
jp,JPY,kohlrabi-microgreens,microgreens,"50 g",179.00,250.60,0.067762626,1213,1700,"produce median"
jp,JPY,garden-cress-microgreens,microgreens,"50 g",179.00,250.60,0.096461825,1727,2420,"own median of 1"
jp,JPY,cherry-tomatoes,fruiting-crops,"250 g",110.00,154.00,0.033881313,373,530,"own median of 1, limited"
jp,JPY,beefsteak-tomatoes,fruiting-crops,"250 g",220.00,308.00,0.067762626,1491,2090,"produce median"
jp,JPY,plum-tomatoes,fruiting-crops,"250 g",220.00,308.00,0.067762626,1491,2090,"produce median"
jp,JPY,cucumber,fruiting-crops,"500 g",60.00,84.00,0.067762626,407,570,"produce median"
jp,JPY,bell-peppers,fruiting-crops,"3 peppers · mixed colours",250.00,350.00,0.09396,2349,3290,"own median of 1"
jp,JPY,green-chillies,fruiting-crops,"100 g",25.00,35.00,0.067762626,169,240,"produce median"
jp,JPY,jalapeno-peppers,fruiting-crops,"200 g",65.00,91.00,0.067762626,440,620,"produce median"
jp,JPY,strawberries,fruiting-crops,"250 g",250.00,350.00,0.093333333,2333,3270,"own median of 1"
jp,JPY,eggplant,fruiting-crops,"250 g",40.00,56.00,0.067762626,271,380,"produce median"
jp,JPY,zucchini,fruiting-crops,"150–200 g",57.00,79.80,0.067762626,386,550,"produce median"
jp,JPY,muskmelon,fruiting-crops,"1 melon",190.00,266.00,0.067762626,1287,1810,"produce median"
jp,JPY,green-beans,fruiting-crops,"250 g",76.00,106.40,0.067762626,515,730,"produce median"
jp,JPY,spring-onions,roots-and-stems,"1 bunch · 225–250 g",100.00,140.00,0.067762626,678,950,"produce median"
jp,JPY,celery,roots-and-stems,"250 g",149.00,208.60,0.067762626,1010,1420,"produce median"
jp,JPY,radish,roots-and-stems,"1 bunch · 450–500 g",100.00,140.00,0.067762626,678,950,"produce median"
jp,JPY,beetroot,roots-and-stems,"250 g",45.00,63.00,0.046666667,210,300,"own median of 1"
jp,JPY,carrot,roots-and-stems,"250 g",50.00,70.00,0.067762626,339,480,"produce median"
jp,JPY,ginger,roots-and-stems,"250 g",85.00,119.00,0.067762626,576,810,"produce median"
jp,JPY,turmeric,roots-and-stems,"250 g",65.00,91.00,0.067762626,440,620,"produce median"
jp,JPY,potato,roots-and-stems,"1 kg",80.00,112.00,0.067762626,542,760,"produce median"
jp,JPY,nasturtium-flowers,edible-flowers,"15–20 flowers",350.00,490.00,0.067762626,2372,3330,"produce median"
jp,JPY,viola-flowers,edible-flowers,"40 g",250.00,350.00,0.067762626,1694,2380,"produce median"
jp,JPY,pansy-flowers,edible-flowers,"40 g",250.00,350.00,0.067762626,1694,2380,"produce median"
jp,JPY,calendula-petals,edible-flowers,"40 g",250.00,350.00,0.067762626,1694,2380,"produce median"
jp,JPY,borage-flowers,edible-flowers,"40 g",250.00,350.00,0.067762626,1694,2380,"produce median"
jp,JPY,radish-microgreens-live-tray,microgreens,"1 live tray",130.00,182.00,0.067762626,881,1240,"produce median"
jp,JPY,pea-microgreens-live-tray,microgreens,"1 live tray",130.00,182.00,0.067762626,881,1240,"produce median"
jp,JPY,sunflower-microgreens-live-tray,microgreens,"1 live tray",130.00,182.00,0.067762626,881,1240,"produce median"
jp,JPY,broccoli-microgreens-live-tray,microgreens,"1 live tray",130.00,182.00,0.067762626,881,1240,"produce median"
jp,JPY,fenugreek-microgreens-live-tray,microgreens,"1 live tray",130.00,182.00,0.067762626,881,1240,"produce median"
jp,JPY,red-amaranth-microgreens-live-tray,microgreens,"1 live tray",130.00,182.00,0.067762626,881,1240,"produce median"
gb,GBP,butterhead-lettuce,leafy-greens,"1 head · 120–250 g",75.00,105.00,0.011333333,0.85,1.20,"own median of 1"
gb,GBP,romaine-lettuce,leafy-greens,"1 head · 120–250 g",75.00,105.00,0.0086425439,0.65,0.95,"produce median"
gb,GBP,green-oakleaf-lettuce,leafy-greens,"75 g",80.00,112.00,0.0086425439,0.69,1.00,"produce median"
gb,GBP,red-oakleaf-lettuce,leafy-greens,"250 g",210.00,294.00,0.0086425439,1.81,2.55,"produce median"
gb,GBP,lollo-rosso-lettuce,leafy-greens,"250 g",100.00,140.00,0.0086425439,0.86,1.25,"produce median"
gb,GBP,lollo-bionda-lettuce,leafy-greens,"200 g",50.00,70.00,0.0086425439,0.43,0.65,"produce median"
gb,GBP,iceberg-lettuce,leafy-greens,"200–300 g",200.00,280.00,0.0086425439,1.73,2.45,"produce median"
gb,GBP,arugula,leafy-greens,"100 g",99.00,138.60,0.016835017,1.67,2.35,"own median of 1"
gb,GBP,spinach,leafy-greens,"250 g",75.00,105.00,0.017285088,1.30,1.85,"own median of 1, limited"
gb,GBP,baby-kale,leafy-greens,"250 g",437.00,611.80,0.0086425439,3.78,5.30,"produce median"
gb,GBP,curly-kale,leafy-greens,"100 g",99.00,138.60,0.0045117845,0.45,0.65,"own median of 1"
gb,GBP,lacinato-kale,leafy-greens,"100 g",99.00,138.60,0.0086425439,0.86,1.20,"produce median"
gb,GBP,swiss-chard,leafy-greens,"100 g",99.00,138.60,0.0086425439,0.86,1.20,"produce median"
gb,GBP,bok-choy,leafy-greens,"250 g",149.00,208.60,0.0086425439,1.29,1.85,"produce median"
gb,GBP,tatsoi,leafy-greens,"250 g",149.00,208.60,0.0086425439,1.29,1.85,"produce median"
gb,GBP,mizuna,leafy-greens,"100 g",99.00,138.60,0.0086425439,0.86,1.20,"produce median"
gb,GBP,mustard-greens,leafy-greens,"200 g",38.00,53.20,0.0086425439,0.33,0.50,"produce median"
gb,GBP,watercress,leafy-greens,"100 g",169.00,236.60,0.0086425439,1.46,2.05,"produce median"
gb,GBP,sorrel,leafy-greens,"100 g",100.00,140.00,0.0086425439,0.86,1.25,"produce median"
gb,GBP,endive,leafy-greens,"250 g",55.00,77.00,0.0086425439,0.48,0.70,"produce median"
gb,GBP,radicchio,leafy-greens,"200–300 g",80.00,112.00,0.0086425439,0.69,1.00,"produce median"
gb,GBP,amaranth-greens,leafy-greens,"1 bunch · 125–150 g",75.00,105.00,0.0086425439,0.65,0.95,"produce median"
gb,GBP,fenugreek-greens,leafy-greens,"1 bunch · 150–200 g",75.00,105.00,0.0086425439,0.65,0.95,"produce median"
gb,GBP,napa-cabbage,leafy-greens,"250 g",110.00,154.00,0.0086425439,0.95,1.35,"produce median"
gb,GBP,sweet-basil,herbs,"100 g",100.00,140.00,0.023333333,2.33,3.30,"own median of 1"
gb,GBP,thai-basil,herbs,"100 g",149.00,208.60,0.026348039,3.93,5.50,"herb median"
gb,GBP,holy-basil,herbs,"250 g",150.00,210.00,0.026348039,3.95,5.55,"herb median"
gb,GBP,mint,herbs,"1 bunch · 125–150 g",40.00,56.00,0.052696078,2.11,3.00,"own median of 1, limited"
gb,GBP,coriander,herbs,"1 bunch · 150–200 g",75.00,105.00,0.029166667,2.19,3.10,"own median of 1"
gb,GBP,flat-leaf-parsley,herbs,"100 g",85.00,119.00,0.023529412,2.00,2.85,"own median of 1"
gb,GBP,curly-parsley,herbs,"50 g",55.00,77.00,0.026348039,1.45,2.05,"herb median"
gb,GBP,dill,herbs,"1 bunch · 125–150 g",75.00,105.00,0.026348039,1.98,2.80,"herb median"
gb,GBP,chives,herbs,"100 g",149.00,208.60,0.026348039,3.93,5.50,"herb median"
gb,GBP,garlic-chives,herbs,"100 g",100.00,140.00,0.026348039,2.63,3.70,"herb median"
gb,GBP,oregano,herbs,"100 g",150.00,210.00,0.026348039,3.95,5.55,"herb median"
gb,GBP,thyme,herbs,"100 g",120.00,168.00,0.026348039,3.16,4.45,"herb median"
gb,GBP,rosemary,herbs,"100 g",120.00,168.00,0.026348039,3.16,4.45,"herb median"
gb,GBP,sage,herbs,"100 g",150.00,210.00,0.026348039,3.95,5.55,"herb median"
gb,GBP,lemon-balm,herbs,"100 g",100.00,140.00,0.026348039,2.63,3.70,"herb median"
gb,GBP,shiso,herbs,"100 g",85.00,119.00,0.026348039,2.24,3.15,"herb median"
gb,GBP,chervil,herbs,"100 g",100.00,140.00,0.026348039,2.63,3.70,"herb median"
gb,GBP,tarragon,herbs,"100 g",100.00,140.00,0.026348039,2.63,3.70,"herb median"
gb,GBP,marjoram,herbs,"100 g",40.00,56.00,0.026348039,1.05,1.50,"herb median"
gb,GBP,lemongrass,herbs,"100 g",30.00,42.00,0.026348039,0.79,1.15,"herb median"
gb,GBP,broccoli-microgreens,microgreens,"25 g",160.00,224.00,0.0086425439,1.38,1.95,"produce median"
gb,GBP,radish-microgreens,microgreens,"50 g",200.00,280.00,0.017285088,3.46,4.85,"own median of 1, limited"
gb,GBP,pea-shoots,microgreens,"50 g",200.00,280.00,0.0056770833,1.14,1.60,"own median of 2"
gb,GBP,sunflower-shoots,microgreens,"50 g",79.00,110.60,0.0086425439,0.68,1.00,"produce median"
gb,GBP,mustard-microgreens,microgreens,"50 g",200.00,280.00,0.0086425439,1.73,2.45,"produce median"
gb,GBP,red-cabbage-microgreens,microgreens,"50 g",179.00,250.60,0.0086425439,1.55,2.20,"produce median"
gb,GBP,kale-microgreens,microgreens,"50 g",179.00,250.60,0.0086425439,1.55,2.20,"produce median"
gb,GBP,arugula-microgreens,microgreens,"25 g",170.00,238.00,0.0086425439,1.47,2.10,"produce median"
gb,GBP,beet-microgreens,microgreens,"50 g",149.00,208.60,0.0086425439,1.29,1.85,"produce median"
gb,GBP,amaranth-microgreens,microgreens,"50 g",250.00,350.00,0.0086425439,2.16,3.05,"produce median"
gb,GBP,basil-microgreens,microgreens,"25 g",160.00,224.00,0.0086425439,1.38,1.95,"produce median"
gb,GBP,coriander-microgreens,microgreens,"50 g",149.00,208.60,0.0086425439,1.29,1.85,"produce median"
gb,GBP,fenugreek-microgreens,microgreens,"50 g",149.00,208.60,0.0086425439,1.29,1.85,"produce median"
gb,GBP,wheatgrass,microgreens,"250 g",300.00,420.00,0.0086425439,2.59,3.65,"produce median"
gb,GBP,kohlrabi-microgreens,microgreens,"50 g",179.00,250.60,0.0086425439,1.55,2.20,"produce median"
gb,GBP,garden-cress-microgreens,microgreens,"50 g",179.00,250.60,0.0086425439,1.55,2.20,"produce median"
gb,GBP,cherry-tomatoes,fruiting-crops,"250 g",110.00,154.00,0.0075757576,0.83,1.20,"own median of 1"
gb,GBP,beefsteak-tomatoes,fruiting-crops,"250 g",220.00,308.00,0.0086425439,1.90,2.70,"produce median"
gb,GBP,plum-tomatoes,fruiting-crops,"250 g",220.00,308.00,0.0086425439,1.90,2.70,"produce median"
gb,GBP,cucumber,fruiting-crops,"500 g",60.00,84.00,0.017285088,1.04,1.50,"own median of 1, limited"
gb,GBP,bell-peppers,fruiting-crops,"3 peppers · mixed colours",250.00,350.00,0.00676,1.69,2.40,"own median of 1"
gb,GBP,green-chillies,fruiting-crops,"100 g",25.00,35.00,0.0086425439,0.22,0.35,"produce median"
gb,GBP,jalapeno-peppers,fruiting-crops,"200 g",65.00,91.00,0.0086425439,0.56,0.80,"produce median"
gb,GBP,strawberries,fruiting-crops,"250 g",250.00,350.00,0.00875,2.19,3.10,"own median of 1"
gb,GBP,eggplant,fruiting-crops,"250 g",40.00,56.00,0.0086425439,0.35,0.50,"produce median"
gb,GBP,zucchini,fruiting-crops,"150–200 g",57.00,79.80,0.0085350877,0.49,0.70,"own median of 1"
gb,GBP,muskmelon,fruiting-crops,"1 melon",190.00,266.00,0.0086425439,1.64,2.30,"produce median"
gb,GBP,green-beans,fruiting-crops,"250 g",76.00,106.40,0.0086425439,0.66,0.95,"produce median"
gb,GBP,spring-onions,roots-and-stems,"1 bunch · 225–250 g",100.00,140.00,0.0086425439,0.86,1.25,"produce median"
gb,GBP,celery,roots-and-stems,"250 g",149.00,208.60,0.0086425439,1.29,1.85,"produce median"
gb,GBP,radish,roots-and-stems,"1 bunch · 450–500 g",100.00,140.00,0.0086425439,0.86,1.25,"produce median"
gb,GBP,beetroot,roots-and-stems,"250 g",45.00,63.00,0.0086425439,0.39,0.55,"produce median"
gb,GBP,carrot,roots-and-stems,"250 g",50.00,70.00,0.0063083333,0.32,0.45,"own median of 2"
gb,GBP,ginger,roots-and-stems,"250 g",85.00,119.00,0.0086425439,0.73,1.05,"produce median"
gb,GBP,turmeric,roots-and-stems,"250 g",65.00,91.00,0.0086425439,0.56,0.80,"produce median"
gb,GBP,potato,roots-and-stems,"1 kg",80.00,112.00,0.01125,0.90,1.30,"own median of 1"
gb,GBP,nasturtium-flowers,edible-flowers,"15–20 flowers",350.00,490.00,0.0086425439,3.02,4.25,"produce median"
gb,GBP,viola-flowers,edible-flowers,"40 g",250.00,350.00,0.0086425439,2.16,3.05,"produce median"
gb,GBP,pansy-flowers,edible-flowers,"40 g",250.00,350.00,0.0086425439,2.16,3.05,"produce median"
gb,GBP,calendula-petals,edible-flowers,"40 g",250.00,350.00,0.0086425439,2.16,3.05,"produce median"
gb,GBP,borage-flowers,edible-flowers,"40 g",250.00,350.00,0.0086425439,2.16,3.05,"produce median"
gb,GBP,radish-microgreens-live-tray,microgreens,"1 live tray",130.00,182.00,0.0043212719,0.56,0.80,"own median of 1, limited"
gb,GBP,pea-microgreens-live-tray,microgreens,"1 live tray",130.00,182.00,0.0043212719,0.56,0.80,"own median of 1, limited"
gb,GBP,sunflower-microgreens-live-tray,microgreens,"1 live tray",130.00,182.00,0.0043212719,0.56,0.80,"own median of 1, limited"
gb,GBP,broccoli-microgreens-live-tray,microgreens,"1 live tray",130.00,182.00,0.0043212719,0.56,0.80,"own median of 1, limited"
gb,GBP,fenugreek-microgreens-live-tray,microgreens,"1 live tray",130.00,182.00,0.0043212719,0.56,0.80,"own median of 1, limited"
gb,GBP,red-amaranth-microgreens-live-tray,microgreens,"1 live tray",130.00,182.00,0.0043212719,0.56,0.80,"own median of 1, limited"
np,NPR,butterhead-lettuce,leafy-greens,"1 head · 120–250 g",75.00,105.00,1.4,105.00,150.00,"own median of 2"
np,NPR,romaine-lettuce,leafy-greens,"1 head · 120–250 g",75.00,105.00,0.87569444,65.68,95.00,"produce median"
np,NPR,green-oakleaf-lettuce,leafy-greens,"75 g",80.00,112.00,0.87569444,70.06,100.00,"produce median"
np,NPR,red-oakleaf-lettuce,leafy-greens,"250 g",210.00,294.00,0.87569444,183.90,260.00,"produce median"
np,NPR,lollo-rosso-lettuce,leafy-greens,"250 g",100.00,140.00,0.87569444,87.57,125.00,"produce median"
np,NPR,lollo-bionda-lettuce,leafy-greens,"200 g",50.00,70.00,0.87569444,43.78,65.00,"produce median"
np,NPR,iceberg-lettuce,leafy-greens,"200–300 g",200.00,280.00,0.87569444,175.14,250.00,"produce median"
np,NPR,arugula,leafy-greens,"100 g",99.00,138.60,0.87569444,86.69,125.00,"produce median"
np,NPR,spinach,leafy-greens,"250 g",75.00,105.00,1.3266667,99.50,140.00,"own median of 1"
np,NPR,baby-kale,leafy-greens,"250 g",437.00,611.80,0.87569444,382.68,540.00,"produce median"
np,NPR,curly-kale,leafy-greens,"100 g",99.00,138.60,0.74747475,74.00,105.00,"own median of 1"
np,NPR,lacinato-kale,leafy-greens,"100 g",99.00,138.60,0.87569444,86.69,125.00,"produce median"
np,NPR,swiss-chard,leafy-greens,"100 g",99.00,138.60,0.87569444,86.69,125.00,"produce median"
np,NPR,bok-choy,leafy-greens,"250 g",149.00,208.60,0.87569444,130.48,185.00,"produce median"
np,NPR,tatsoi,leafy-greens,"250 g",149.00,208.60,0.87569444,130.48,185.00,"produce median"
np,NPR,mizuna,leafy-greens,"100 g",99.00,138.60,0.87569444,86.69,125.00,"produce median"
np,NPR,mustard-greens,leafy-greens,"200 g",38.00,53.20,0.87569444,33.28,50.00,"produce median"
np,NPR,watercress,leafy-greens,"100 g",169.00,236.60,0.87569444,147.99,210.00,"produce median"
np,NPR,sorrel,leafy-greens,"100 g",100.00,140.00,0.87569444,87.57,125.00,"produce median"
np,NPR,endive,leafy-greens,"250 g",55.00,77.00,0.87569444,48.16,70.00,"produce median"
np,NPR,radicchio,leafy-greens,"200–300 g",80.00,112.00,0.87569444,70.06,100.00,"produce median"
np,NPR,amaranth-greens,leafy-greens,"1 bunch · 125–150 g",75.00,105.00,0.87569444,65.68,95.00,"produce median"
np,NPR,fenugreek-greens,leafy-greens,"1 bunch · 150–200 g",75.00,105.00,0.87569444,65.68,95.00,"produce median"
np,NPR,napa-cabbage,leafy-greens,"250 g",110.00,154.00,0.87569444,96.33,135.00,"produce median"
np,NPR,sweet-basil,herbs,"100 g",100.00,140.00,2.75,275.00,385.00,"own median of 1"
np,NPR,thai-basil,herbs,"100 g",149.00,208.60,2.3529412,350.59,495.00,"herb median"
np,NPR,holy-basil,herbs,"250 g",150.00,210.00,2.3529412,352.94,495.00,"herb median"
np,NPR,mint,herbs,"1 bunch · 125–150 g",40.00,56.00,3.64375,145.75,205.00,"own median of 2"
np,NPR,coriander,herbs,"1 bunch · 150–200 g",75.00,105.00,1.9288889,144.67,205.00,"own median of 2"
np,NPR,flat-leaf-parsley,herbs,"100 g",85.00,119.00,2.5835294,219.60,310.00,"own median of 2"
np,NPR,curly-parsley,herbs,"50 g",55.00,77.00,2.3529412,129.41,185.00,"herb median"
np,NPR,dill,herbs,"1 bunch · 125–150 g",75.00,105.00,2.3529412,176.47,250.00,"herb median"
np,NPR,chives,herbs,"100 g",149.00,208.60,2.3529412,350.59,495.00,"herb median"
np,NPR,garlic-chives,herbs,"100 g",100.00,140.00,2.3529412,235.29,330.00,"herb median"
np,NPR,oregano,herbs,"100 g",150.00,210.00,2.3529412,352.94,495.00,"herb median"
np,NPR,thyme,herbs,"100 g",120.00,168.00,2.3529412,282.35,400.00,"herb median"
np,NPR,rosemary,herbs,"100 g",120.00,168.00,2.3529412,282.35,400.00,"herb median"
np,NPR,sage,herbs,"100 g",150.00,210.00,2.3529412,352.94,495.00,"herb median"
np,NPR,lemon-balm,herbs,"100 g",100.00,140.00,2.3529412,235.29,330.00,"herb median"
np,NPR,shiso,herbs,"100 g",85.00,119.00,2.3529412,200.00,285.00,"herb median"
np,NPR,chervil,herbs,"100 g",100.00,140.00,2.3529412,235.29,330.00,"herb median"
np,NPR,tarragon,herbs,"100 g",100.00,140.00,2.3529412,235.29,330.00,"herb median"
np,NPR,marjoram,herbs,"100 g",40.00,56.00,2.3529412,94.12,135.00,"herb median"
np,NPR,lemongrass,herbs,"100 g",30.00,42.00,2.3529412,70.59,100.00,"herb median"
np,NPR,broccoli-microgreens,microgreens,"25 g",160.00,224.00,0.87569444,140.11,200.00,"produce median"
np,NPR,radish-microgreens,microgreens,"50 g",200.00,280.00,0.87569444,175.14,250.00,"produce median"
np,NPR,pea-shoots,microgreens,"50 g",200.00,280.00,0.87569444,175.14,250.00,"produce median"
np,NPR,sunflower-shoots,microgreens,"50 g",79.00,110.60,0.87569444,69.18,100.00,"produce median"
np,NPR,mustard-microgreens,microgreens,"50 g",200.00,280.00,0.87569444,175.14,250.00,"produce median"
np,NPR,red-cabbage-microgreens,microgreens,"50 g",179.00,250.60,0.87569444,156.75,220.00,"produce median"
np,NPR,kale-microgreens,microgreens,"50 g",179.00,250.60,0.87569444,156.75,220.00,"produce median"
np,NPR,arugula-microgreens,microgreens,"25 g",170.00,238.00,0.87569444,148.87,210.00,"produce median"
np,NPR,beet-microgreens,microgreens,"50 g",149.00,208.60,0.87569444,130.48,185.00,"produce median"
np,NPR,amaranth-microgreens,microgreens,"50 g",250.00,350.00,0.87569444,218.92,310.00,"produce median"
np,NPR,basil-microgreens,microgreens,"25 g",160.00,224.00,0.87569444,140.11,200.00,"produce median"
np,NPR,coriander-microgreens,microgreens,"50 g",149.00,208.60,0.87569444,130.48,185.00,"produce median"
np,NPR,fenugreek-microgreens,microgreens,"50 g",149.00,208.60,0.87569444,130.48,185.00,"produce median"
np,NPR,wheatgrass,microgreens,"250 g",300.00,420.00,0.87569444,262.71,370.00,"produce median"
np,NPR,kohlrabi-microgreens,microgreens,"50 g",179.00,250.60,0.87569444,156.75,220.00,"produce median"
np,NPR,garden-cress-microgreens,microgreens,"50 g",179.00,250.60,0.97765363,175.00,245.00,"own median of 1"
np,NPR,cherry-tomatoes,fruiting-crops,"250 g",110.00,154.00,0.87569444,96.33,135.00,"produce median"
np,NPR,beefsteak-tomatoes,fruiting-crops,"250 g",220.00,308.00,0.87569444,192.65,270.00,"produce median"
np,NPR,plum-tomatoes,fruiting-crops,"250 g",220.00,308.00,0.87569444,192.65,270.00,"produce median"
np,NPR,cucumber,fruiting-crops,"500 g",60.00,84.00,1.3416667,80.50,115.00,"own median of 1"
np,NPR,bell-peppers,fruiting-crops,"3 peppers · mixed colours",250.00,350.00,0.54,135.00,190.00,"own median of 1"
np,NPR,green-chillies,fruiting-crops,"100 g",25.00,35.00,0.87569444,21.89,35.00,"produce median"
np,NPR,jalapeno-peppers,fruiting-crops,"200 g",65.00,91.00,0.87569444,56.92,80.00,"produce median"
np,NPR,strawberries,fruiting-crops,"250 g",250.00,350.00,0.87569444,218.92,310.00,"produce median"
np,NPR,eggplant,fruiting-crops,"250 g",40.00,56.00,0.87569444,35.03,50.00,"produce median"
np,NPR,zucchini,fruiting-crops,"150–200 g",57.00,79.80,0.56798246,32.38,50.00,"own median of 1"
np,NPR,muskmelon,fruiting-crops,"1 melon",190.00,266.00,0.87569444,166.38,235.00,"produce median"
np,NPR,green-beans,fruiting-crops,"250 g",76.00,106.40,0.87569444,66.55,95.00,"produce median"
np,NPR,spring-onions,roots-and-stems,"1 bunch · 225–250 g",100.00,140.00,0.87569444,87.57,125.00,"produce median"
np,NPR,celery,roots-and-stems,"250 g",149.00,208.60,0.87569444,130.48,185.00,"produce median"
np,NPR,radish,roots-and-stems,"1 bunch · 450–500 g",100.00,140.00,0.87569444,87.57,125.00,"produce median"
np,NPR,beetroot,roots-and-stems,"250 g",45.00,63.00,0.775,34.88,50.00,"own median of 2"
np,NPR,carrot,roots-and-stems,"250 g",50.00,70.00,0.695,34.75,50.00,"own median of 1"
np,NPR,ginger,roots-and-stems,"250 g",85.00,119.00,0.87569444,74.43,105.00,"produce median"
np,NPR,turmeric,roots-and-stems,"250 g",65.00,91.00,0.87569444,56.92,80.00,"produce median"
np,NPR,potato,roots-and-stems,"1 kg",80.00,112.00,0.8625,69.00,100.00,"own median of 1"
np,NPR,nasturtium-flowers,edible-flowers,"15–20 flowers",350.00,490.00,0.87569444,306.49,430.00,"produce median"
np,NPR,viola-flowers,edible-flowers,"40 g",250.00,350.00,0.87569444,218.92,310.00,"produce median"
np,NPR,pansy-flowers,edible-flowers,"40 g",250.00,350.00,0.87569444,218.92,310.00,"produce median"
np,NPR,calendula-petals,edible-flowers,"40 g",250.00,350.00,0.87569444,218.92,310.00,"produce median"
np,NPR,borage-flowers,edible-flowers,"40 g",250.00,350.00,0.87569444,218.92,310.00,"produce median"
np,NPR,radish-microgreens-live-tray,microgreens,"1 live tray",130.00,182.00,0.87569444,113.84,160.00,"produce median"
np,NPR,pea-microgreens-live-tray,microgreens,"1 live tray",130.00,182.00,0.87569444,113.84,160.00,"produce median"
np,NPR,sunflower-microgreens-live-tray,microgreens,"1 live tray",130.00,182.00,0.87569444,113.84,160.00,"produce median"
np,NPR,broccoli-microgreens-live-tray,microgreens,"1 live tray",130.00,182.00,0.87569444,113.84,160.00,"produce median"
np,NPR,fenugreek-microgreens-live-tray,microgreens,"1 live tray",130.00,182.00,0.87569444,113.84,160.00,"produce median"
np,NPR,red-amaranth-microgreens-live-tray,microgreens,"1 live tray",130.00,182.00,0.87569444,113.84,160.00,"produce median"
bd,BDT,butterhead-lettuce,leafy-greens,"1 head · 120–250 g",75.00,105.00,1.3239111,99.29,140.00,"own median of 1, limited"
bd,BDT,romaine-lettuce,leafy-greens,"1 head · 120–250 g",75.00,105.00,0.66195556,49.65,70.00,"produce median"
bd,BDT,green-oakleaf-lettuce,leafy-greens,"75 g",80.00,112.00,0.66195556,52.96,75.00,"produce median"
bd,BDT,red-oakleaf-lettuce,leafy-greens,"250 g",210.00,294.00,0.66195556,139.01,195.00,"produce median"
bd,BDT,lollo-rosso-lettuce,leafy-greens,"250 g",100.00,140.00,0.66195556,66.20,95.00,"produce median"
bd,BDT,lollo-bionda-lettuce,leafy-greens,"200 g",50.00,70.00,0.66195556,33.10,50.00,"produce median"
bd,BDT,iceberg-lettuce,leafy-greens,"200–300 g",200.00,280.00,0.66195556,132.39,190.00,"produce median"
bd,BDT,arugula,leafy-greens,"100 g",99.00,138.60,0.66195556,65.53,95.00,"produce median"
bd,BDT,spinach,leafy-greens,"250 g",75.00,105.00,0.46666667,35.00,50.00,"own median of 1"
bd,BDT,baby-kale,leafy-greens,"250 g",437.00,611.80,0.66195556,289.27,405.00,"produce median"
bd,BDT,curly-kale,leafy-greens,"100 g",99.00,138.60,0.66195556,65.53,95.00,"produce median"
bd,BDT,lacinato-kale,leafy-greens,"100 g",99.00,138.60,0.66195556,65.53,95.00,"produce median"
bd,BDT,swiss-chard,leafy-greens,"100 g",99.00,138.60,0.66195556,65.53,95.00,"produce median"
bd,BDT,bok-choy,leafy-greens,"250 g",149.00,208.60,0.66195556,98.63,140.00,"produce median"
bd,BDT,tatsoi,leafy-greens,"250 g",149.00,208.60,0.66195556,98.63,140.00,"produce median"
bd,BDT,mizuna,leafy-greens,"100 g",99.00,138.60,0.66195556,65.53,95.00,"produce median"
bd,BDT,mustard-greens,leafy-greens,"200 g",38.00,53.20,0.66195556,25.15,40.00,"produce median"
bd,BDT,watercress,leafy-greens,"100 g",169.00,236.60,0.66195556,111.87,160.00,"produce median"
bd,BDT,sorrel,leafy-greens,"100 g",100.00,140.00,0.66195556,66.20,95.00,"produce median"
bd,BDT,endive,leafy-greens,"250 g",55.00,77.00,0.66195556,36.41,55.00,"produce median"
bd,BDT,radicchio,leafy-greens,"200–300 g",80.00,112.00,0.66195556,52.96,75.00,"produce median"
bd,BDT,amaranth-greens,leafy-greens,"1 bunch · 125–150 g",75.00,105.00,0.66195556,49.65,70.00,"produce median"
bd,BDT,fenugreek-greens,leafy-greens,"1 bunch · 150–200 g",75.00,105.00,0.66195556,49.65,70.00,"produce median"
bd,BDT,napa-cabbage,leafy-greens,"250 g",110.00,154.00,0.66195556,72.82,105.00,"produce median"
bd,BDT,sweet-basil,herbs,"100 g",100.00,140.00,0.66195556,66.20,95.00,"produce median"
bd,BDT,thai-basil,herbs,"100 g",149.00,208.60,0.66195556,98.63,140.00,"produce median"
bd,BDT,holy-basil,herbs,"250 g",150.00,210.00,0.66195556,99.29,140.00,"produce median"
bd,BDT,mint,herbs,"1 bunch · 125–150 g",40.00,56.00,0.996875,39.88,60.00,"own median of 1"
bd,BDT,coriander,herbs,"1 bunch · 150–200 g",75.00,105.00,0.58333333,43.75,65.00,"own median of 1"
bd,BDT,flat-leaf-parsley,herbs,"100 g",85.00,119.00,0.66195556,56.27,80.00,"produce median"
bd,BDT,curly-parsley,herbs,"50 g",55.00,77.00,0.66195556,36.41,55.00,"produce median"
bd,BDT,dill,herbs,"1 bunch · 125–150 g",75.00,105.00,0.66195556,49.65,70.00,"produce median"
bd,BDT,chives,herbs,"100 g",149.00,208.60,0.66195556,98.63,140.00,"produce median"
bd,BDT,garlic-chives,herbs,"100 g",100.00,140.00,0.66195556,66.20,95.00,"produce median"
bd,BDT,oregano,herbs,"100 g",150.00,210.00,0.66195556,99.29,140.00,"produce median"
bd,BDT,thyme,herbs,"100 g",120.00,168.00,0.66195556,79.43,115.00,"produce median"
bd,BDT,rosemary,herbs,"100 g",120.00,168.00,0.66195556,79.43,115.00,"produce median"
bd,BDT,sage,herbs,"100 g",150.00,210.00,0.66195556,99.29,140.00,"produce median"
bd,BDT,lemon-balm,herbs,"100 g",100.00,140.00,0.66195556,66.20,95.00,"produce median"
bd,BDT,shiso,herbs,"100 g",85.00,119.00,0.66195556,56.27,80.00,"produce median"
bd,BDT,chervil,herbs,"100 g",100.00,140.00,0.66195556,66.20,95.00,"produce median"
bd,BDT,tarragon,herbs,"100 g",100.00,140.00,0.66195556,66.20,95.00,"produce median"
bd,BDT,marjoram,herbs,"100 g",40.00,56.00,0.66195556,26.48,40.00,"produce median"
bd,BDT,lemongrass,herbs,"100 g",30.00,42.00,0.66195556,19.86,30.00,"produce median"
bd,BDT,broccoli-microgreens,microgreens,"25 g",160.00,224.00,0.66195556,105.91,150.00,"produce median"
bd,BDT,radish-microgreens,microgreens,"50 g",200.00,280.00,1.3239111,264.78,375.00,"own median of 1, limited"
bd,BDT,pea-shoots,microgreens,"50 g",200.00,280.00,0.66195556,132.39,190.00,"produce median"
bd,BDT,sunflower-shoots,microgreens,"50 g",79.00,110.60,0.66195556,52.29,75.00,"produce median"
bd,BDT,mustard-microgreens,microgreens,"50 g",200.00,280.00,0.66195556,132.39,190.00,"produce median"
bd,BDT,red-cabbage-microgreens,microgreens,"50 g",179.00,250.60,0.66195556,118.49,170.00,"produce median"
bd,BDT,kale-microgreens,microgreens,"50 g",179.00,250.60,0.66195556,118.49,170.00,"produce median"
bd,BDT,arugula-microgreens,microgreens,"25 g",170.00,238.00,0.66195556,112.53,160.00,"produce median"
bd,BDT,beet-microgreens,microgreens,"50 g",149.00,208.60,0.66195556,98.63,140.00,"produce median"
bd,BDT,amaranth-microgreens,microgreens,"50 g",250.00,350.00,0.66195556,165.49,235.00,"produce median"
bd,BDT,basil-microgreens,microgreens,"25 g",160.00,224.00,0.66195556,105.91,150.00,"produce median"
bd,BDT,coriander-microgreens,microgreens,"50 g",149.00,208.60,0.66195556,98.63,140.00,"produce median"
bd,BDT,fenugreek-microgreens,microgreens,"50 g",149.00,208.60,0.66195556,98.63,140.00,"produce median"
bd,BDT,wheatgrass,microgreens,"250 g",300.00,420.00,0.66195556,198.59,280.00,"produce median"
bd,BDT,kohlrabi-microgreens,microgreens,"50 g",179.00,250.60,0.66195556,118.49,170.00,"produce median"
bd,BDT,garden-cress-microgreens,microgreens,"50 g",179.00,250.60,0.66195556,118.49,170.00,"produce median"
bd,BDT,cherry-tomatoes,fruiting-crops,"250 g",110.00,154.00,0.66195556,72.82,105.00,"produce median"
bd,BDT,beefsteak-tomatoes,fruiting-crops,"250 g",220.00,308.00,0.66195556,145.63,205.00,"produce median"
bd,BDT,plum-tomatoes,fruiting-crops,"250 g",220.00,308.00,0.66195556,145.63,205.00,"produce median"
bd,BDT,cucumber,fruiting-crops,"500 g",60.00,84.00,0.75,45.00,65.00,"own median of 1"
bd,BDT,bell-peppers,fruiting-crops,"3 peppers · mixed colours",250.00,350.00,0.7128,178.20,250.00,"own median of 1"
bd,BDT,green-chillies,fruiting-crops,"100 g",25.00,35.00,0.66195556,16.55,25.00,"produce median"
bd,BDT,jalapeno-peppers,fruiting-crops,"200 g",65.00,91.00,0.66195556,43.03,65.00,"produce median"
bd,BDT,strawberries,fruiting-crops,"250 g",250.00,350.00,0.66195556,165.49,235.00,"produce median"
bd,BDT,eggplant,fruiting-crops,"250 g",40.00,56.00,0.66195556,26.48,40.00,"produce median"
bd,BDT,zucchini,fruiting-crops,"150–200 g",57.00,79.80,0.66195556,37.73,55.00,"produce median"
bd,BDT,muskmelon,fruiting-crops,"1 melon",190.00,266.00,0.66195556,125.77,180.00,"produce median"
bd,BDT,green-beans,fruiting-crops,"250 g",76.00,106.40,0.66195556,50.31,75.00,"produce median"
bd,BDT,spring-onions,roots-and-stems,"1 bunch · 225–250 g",100.00,140.00,0.66195556,66.20,95.00,"produce median"
bd,BDT,celery,roots-and-stems,"250 g",149.00,208.60,0.66195556,98.63,140.00,"produce median"
bd,BDT,radish,roots-and-stems,"1 bunch · 450–500 g",100.00,140.00,0.66195556,66.20,95.00,"produce median"
bd,BDT,beetroot,roots-and-stems,"250 g",45.00,63.00,0.61111111,27.50,40.00,"own median of 1"
bd,BDT,carrot,roots-and-stems,"250 g",50.00,70.00,0.6,30.00,45.00,"own median of 1"
bd,BDT,ginger,roots-and-stems,"250 g",85.00,119.00,0.66195556,56.27,80.00,"produce median"
bd,BDT,turmeric,roots-and-stems,"250 g",65.00,91.00,0.66195556,43.03,65.00,"produce median"
bd,BDT,potato,roots-and-stems,"1 kg",80.00,112.00,0.3625,29.00,45.00,"own median of 1"
bd,BDT,nasturtium-flowers,edible-flowers,"15–20 flowers",350.00,490.00,0.66195556,231.68,325.00,"produce median"
bd,BDT,viola-flowers,edible-flowers,"40 g",250.00,350.00,0.66195556,165.49,235.00,"produce median"
bd,BDT,pansy-flowers,edible-flowers,"40 g",250.00,350.00,0.66195556,165.49,235.00,"produce median"
bd,BDT,calendula-petals,edible-flowers,"40 g",250.00,350.00,0.66195556,165.49,235.00,"produce median"
bd,BDT,borage-flowers,edible-flowers,"40 g",250.00,350.00,0.66195556,165.49,235.00,"produce median"
bd,BDT,radish-microgreens-live-tray,microgreens,"1 live tray",130.00,182.00,0.66195556,86.05,125.00,"produce median"
bd,BDT,pea-microgreens-live-tray,microgreens,"1 live tray",130.00,182.00,0.66195556,86.05,125.00,"produce median"
bd,BDT,sunflower-microgreens-live-tray,microgreens,"1 live tray",130.00,182.00,0.66195556,86.05,125.00,"produce median"
bd,BDT,broccoli-microgreens-live-tray,microgreens,"1 live tray",130.00,182.00,0.66195556,86.05,125.00,"produce median"
bd,BDT,fenugreek-microgreens-live-tray,microgreens,"1 live tray",130.00,182.00,0.66195556,86.05,125.00,"produce median"
bd,BDT,red-amaranth-microgreens-live-tray,microgreens,"1 live tray",130.00,182.00,0.66195556,86.05,125.00,"produce median"
my,MYR,butterhead-lettuce,leafy-greens,"1 head · 120–250 g",75.00,105.00,0.098666667,7.40,10.40,"own median of 1"
my,MYR,romaine-lettuce,leafy-greens,"1 head · 120–250 g",75.00,105.00,0.074416162,5.58,7.90,"produce median"
my,MYR,green-oakleaf-lettuce,leafy-greens,"75 g",80.00,112.00,0.074416162,5.95,8.40,"produce median"
my,MYR,red-oakleaf-lettuce,leafy-greens,"250 g",210.00,294.00,0.074416162,15.63,21.90,"produce median"
my,MYR,lollo-rosso-lettuce,leafy-greens,"250 g",100.00,140.00,0.074416162,7.44,10.50,"produce median"
my,MYR,lollo-bionda-lettuce,leafy-greens,"200 g",50.00,70.00,0.074416162,3.72,5.30,"produce median"
my,MYR,iceberg-lettuce,leafy-greens,"200–300 g",200.00,280.00,0.074416162,14.88,20.90,"produce median"
my,MYR,arugula,leafy-greens,"100 g",99.00,138.60,0.1010101,10.00,14.00,"own median of 1"
my,MYR,spinach,leafy-greens,"250 g",75.00,105.00,0.14883232,11.16,15.70,"own median of 1, limited"
my,MYR,baby-kale,leafy-greens,"250 g",437.00,611.80,0.074416162,32.52,45.60,"produce median"
my,MYR,curly-kale,leafy-greens,"100 g",99.00,138.60,0.068181818,6.75,9.50,"own median of 1"
my,MYR,lacinato-kale,leafy-greens,"100 g",99.00,138.60,0.074416162,7.37,10.40,"produce median"
my,MYR,swiss-chard,leafy-greens,"100 g",99.00,138.60,0.074416162,7.37,10.40,"produce median"
my,MYR,bok-choy,leafy-greens,"250 g",149.00,208.60,0.074416162,11.09,15.60,"produce median"
my,MYR,tatsoi,leafy-greens,"250 g",149.00,208.60,0.074416162,11.09,15.60,"produce median"
my,MYR,mizuna,leafy-greens,"100 g",99.00,138.60,0.074416162,7.37,10.40,"produce median"
my,MYR,mustard-greens,leafy-greens,"200 g",38.00,53.20,0.074416162,2.83,4.00,"produce median"
my,MYR,watercress,leafy-greens,"100 g",169.00,236.60,0.074416162,12.58,17.70,"produce median"
my,MYR,sorrel,leafy-greens,"100 g",100.00,140.00,0.074416162,7.44,10.50,"produce median"
my,MYR,endive,leafy-greens,"250 g",55.00,77.00,0.074416162,4.09,5.80,"produce median"
my,MYR,radicchio,leafy-greens,"200–300 g",80.00,112.00,0.074416162,5.95,8.40,"produce median"
my,MYR,amaranth-greens,leafy-greens,"1 bunch · 125–150 g",75.00,105.00,0.074416162,5.58,7.90,"produce median"
my,MYR,fenugreek-greens,leafy-greens,"1 bunch · 150–200 g",75.00,105.00,0.074416162,5.58,7.90,"produce median"
my,MYR,napa-cabbage,leafy-greens,"250 g",110.00,154.00,0.074416162,8.19,11.50,"produce median"
my,MYR,sweet-basil,herbs,"100 g",100.00,140.00,0.118,11.80,16.60,"own median of 1"
my,MYR,thai-basil,herbs,"100 g",149.00,208.60,0.122,18.18,25.50,"herb median"
my,MYR,holy-basil,herbs,"250 g",150.00,210.00,0.122,18.30,25.70,"herb median"
my,MYR,mint,herbs,"1 bunch · 125–150 g",40.00,56.00,0.103125,4.13,5.80,"own median of 1"
my,MYR,coriander,herbs,"1 bunch · 150–200 g",75.00,105.00,0.126,9.45,13.30,"own median of 1"
my,MYR,flat-leaf-parsley,herbs,"100 g",85.00,119.00,0.244,20.74,29.10,"own median of 1, limited"
my,MYR,curly-parsley,herbs,"50 g",55.00,77.00,0.122,6.71,9.40,"herb median"
my,MYR,dill,herbs,"1 bunch · 125–150 g",75.00,105.00,0.122,9.15,12.90,"herb median"
my,MYR,chives,herbs,"100 g",149.00,208.60,0.122,18.18,25.50,"herb median"
my,MYR,garlic-chives,herbs,"100 g",100.00,140.00,0.122,12.20,17.10,"herb median"
my,MYR,oregano,herbs,"100 g",150.00,210.00,0.122,18.30,25.70,"herb median"
my,MYR,thyme,herbs,"100 g",120.00,168.00,0.122,14.64,20.50,"herb median"
my,MYR,rosemary,herbs,"100 g",120.00,168.00,0.122,14.64,20.50,"herb median"
my,MYR,sage,herbs,"100 g",150.00,210.00,0.122,18.30,25.70,"herb median"
my,MYR,lemon-balm,herbs,"100 g",100.00,140.00,0.122,12.20,17.10,"herb median"
my,MYR,shiso,herbs,"100 g",85.00,119.00,0.122,10.37,14.60,"herb median"
my,MYR,chervil,herbs,"100 g",100.00,140.00,0.122,12.20,17.10,"herb median"
my,MYR,tarragon,herbs,"100 g",100.00,140.00,0.122,12.20,17.10,"herb median"
my,MYR,marjoram,herbs,"100 g",40.00,56.00,0.122,4.88,6.90,"herb median"
my,MYR,lemongrass,herbs,"100 g",30.00,42.00,0.122,3.66,5.20,"herb median"
my,MYR,broccoli-microgreens,microgreens,"25 g",160.00,224.00,0.074416162,11.91,16.70,"produce median"
my,MYR,radish-microgreens,microgreens,"50 g",200.00,280.00,0.074416162,14.88,20.90,"produce median"
my,MYR,pea-shoots,microgreens,"50 g",200.00,280.00,0.074416162,14.88,20.90,"produce median"
my,MYR,sunflower-shoots,microgreens,"50 g",79.00,110.60,0.074416162,5.88,8.30,"produce median"
my,MYR,mustard-microgreens,microgreens,"50 g",200.00,280.00,0.074416162,14.88,20.90,"produce median"
my,MYR,red-cabbage-microgreens,microgreens,"50 g",179.00,250.60,0.074416162,13.32,18.70,"produce median"
my,MYR,kale-microgreens,microgreens,"50 g",179.00,250.60,0.074416162,13.32,18.70,"produce median"
my,MYR,arugula-microgreens,microgreens,"25 g",170.00,238.00,0.074416162,12.65,17.80,"produce median"
my,MYR,beet-microgreens,microgreens,"50 g",149.00,208.60,0.074416162,11.09,15.60,"produce median"
my,MYR,amaranth-microgreens,microgreens,"50 g",250.00,350.00,0.074416162,18.60,26.10,"produce median"
my,MYR,basil-microgreens,microgreens,"25 g",160.00,224.00,0.074416162,11.91,16.70,"produce median"
my,MYR,coriander-microgreens,microgreens,"50 g",149.00,208.60,0.074416162,11.09,15.60,"produce median"
my,MYR,fenugreek-microgreens,microgreens,"50 g",149.00,208.60,0.074416162,11.09,15.60,"produce median"
my,MYR,wheatgrass,microgreens,"250 g",300.00,420.00,0.074416162,22.32,31.30,"produce median"
my,MYR,kohlrabi-microgreens,microgreens,"50 g",179.00,250.60,0.074416162,13.32,18.70,"produce median"
my,MYR,garden-cress-microgreens,microgreens,"50 g",179.00,250.60,0.074416162,13.32,18.70,"produce median"
my,MYR,cherry-tomatoes,fruiting-crops,"250 g",110.00,154.00,0.037208081,4.09,5.80,"own median of 1, limited"
my,MYR,beefsteak-tomatoes,fruiting-crops,"250 g",220.00,308.00,0.074416162,16.37,23.00,"produce median"
my,MYR,plum-tomatoes,fruiting-crops,"250 g",220.00,308.00,0.074416162,16.37,23.00,"produce median"
my,MYR,cucumber,fruiting-crops,"500 g",60.00,84.00,0.073232323,4.39,6.20,"own median of 1"
my,MYR,bell-peppers,fruiting-crops,"3 peppers · mixed colours",250.00,350.00,0.042768,10.69,15.00,"own median of 1"
my,MYR,green-chillies,fruiting-crops,"100 g",25.00,35.00,0.074416162,1.86,2.70,"produce median"
my,MYR,jalapeno-peppers,fruiting-crops,"200 g",65.00,91.00,0.074416162,4.84,6.80,"produce median"
my,MYR,strawberries,fruiting-crops,"250 g",250.00,350.00,0.0756,18.90,26.50,"own median of 1"
my,MYR,eggplant,fruiting-crops,"250 g",40.00,56.00,0.074416162,2.98,4.20,"produce median"
my,MYR,zucchini,fruiting-crops,"150–200 g",57.00,79.80,0.037208081,2.12,3.00,"own median of 1, limited"
my,MYR,muskmelon,fruiting-crops,"1 melon",190.00,266.00,0.074416162,14.14,19.80,"produce median"
my,MYR,green-beans,fruiting-crops,"250 g",76.00,106.40,0.074416162,5.66,8.00,"produce median"
my,MYR,spring-onions,roots-and-stems,"1 bunch · 225–250 g",100.00,140.00,0.074416162,7.44,10.50,"produce median"
my,MYR,celery,roots-and-stems,"250 g",149.00,208.60,0.074416162,11.09,15.60,"produce median"
my,MYR,radish,roots-and-stems,"1 bunch · 450–500 g",100.00,140.00,0.074416162,7.44,10.50,"produce median"
my,MYR,beetroot,roots-and-stems,"250 g",45.00,63.00,0.098888889,4.45,6.30,"own median of 1"
my,MYR,carrot,roots-and-stems,"250 g",50.00,70.00,0.037208081,1.86,2.70,"own median of 1, limited"
my,MYR,ginger,roots-and-stems,"250 g",85.00,119.00,0.074416162,6.33,8.90,"produce median"
my,MYR,turmeric,roots-and-stems,"250 g",65.00,91.00,0.074416162,4.84,6.80,"produce median"
my,MYR,potato,roots-and-stems,"1 kg",80.00,112.00,0.1234375,9.88,13.90,"own median of 1"
my,MYR,nasturtium-flowers,edible-flowers,"15–20 flowers",350.00,490.00,0.074416162,26.05,36.50,"produce median"
my,MYR,viola-flowers,edible-flowers,"40 g",250.00,350.00,0.074416162,18.60,26.10,"produce median"
my,MYR,pansy-flowers,edible-flowers,"40 g",250.00,350.00,0.074416162,18.60,26.10,"produce median"
my,MYR,calendula-petals,edible-flowers,"40 g",250.00,350.00,0.074416162,18.60,26.10,"produce median"
my,MYR,borage-flowers,edible-flowers,"40 g",250.00,350.00,0.074416162,18.60,26.10,"produce median"
my,MYR,radish-microgreens-live-tray,microgreens,"1 live tray",130.00,182.00,0.074416162,9.67,13.60,"produce median"
my,MYR,pea-microgreens-live-tray,microgreens,"1 live tray",130.00,182.00,0.074416162,9.67,13.60,"produce median"
my,MYR,sunflower-microgreens-live-tray,microgreens,"1 live tray",130.00,182.00,0.074416162,9.67,13.60,"produce median"
my,MYR,broccoli-microgreens-live-tray,microgreens,"1 live tray",130.00,182.00,0.074416162,9.67,13.60,"produce median"
my,MYR,fenugreek-microgreens-live-tray,microgreens,"1 live tray",130.00,182.00,0.074416162,9.67,13.60,"produce median"
my,MYR,red-amaranth-microgreens-live-tray,microgreens,"1 live tray",130.00,182.00,0.074416162,9.67,13.60,"produce median"
lk,LKR,butterhead-lettuce,leafy-greens,"1 head · 120–250 g",75.00,105.00,5.7777778,433.33,610.00,"own median of 1, limited"
lk,LKR,romaine-lettuce,leafy-greens,"1 head · 120–250 g",75.00,105.00,2.8888889,216.67,310.00,"produce median"
lk,LKR,green-oakleaf-lettuce,leafy-greens,"75 g",80.00,112.00,2.8888889,231.11,330.00,"produce median"
lk,LKR,red-oakleaf-lettuce,leafy-greens,"250 g",210.00,294.00,2.8888889,606.67,850.00,"produce median"
lk,LKR,lollo-rosso-lettuce,leafy-greens,"250 g",100.00,140.00,2.8888889,288.89,410.00,"produce median"
lk,LKR,lollo-bionda-lettuce,leafy-greens,"200 g",50.00,70.00,2.8888889,144.44,210.00,"produce median"
lk,LKR,iceberg-lettuce,leafy-greens,"200–300 g",200.00,280.00,2.8888889,577.78,810.00,"produce median"
lk,LKR,arugula,leafy-greens,"100 g",99.00,138.60,2.8888889,286.00,410.00,"produce median"
lk,LKR,spinach,leafy-greens,"250 g",75.00,105.00,1.6277778,122.08,180.00,"own median of 2"
lk,LKR,baby-kale,leafy-greens,"250 g",437.00,611.80,2.8888889,1262.44,1770.00,"produce median"
lk,LKR,curly-kale,leafy-greens,"100 g",99.00,138.60,2.8888889,286.00,410.00,"produce median"
lk,LKR,lacinato-kale,leafy-greens,"100 g",99.00,138.60,2.8888889,286.00,410.00,"produce median"
lk,LKR,swiss-chard,leafy-greens,"100 g",99.00,138.60,2.8888889,286.00,410.00,"produce median"
lk,LKR,bok-choy,leafy-greens,"250 g",149.00,208.60,2.8888889,430.44,610.00,"produce median"
lk,LKR,tatsoi,leafy-greens,"250 g",149.00,208.60,2.8888889,430.44,610.00,"produce median"
lk,LKR,mizuna,leafy-greens,"100 g",99.00,138.60,2.8888889,286.00,410.00,"produce median"
lk,LKR,mustard-greens,leafy-greens,"200 g",38.00,53.20,2.8888889,109.78,160.00,"produce median"
lk,LKR,watercress,leafy-greens,"100 g",169.00,236.60,2.8888889,488.22,690.00,"produce median"
lk,LKR,sorrel,leafy-greens,"100 g",100.00,140.00,2.8888889,288.89,410.00,"produce median"
lk,LKR,endive,leafy-greens,"250 g",55.00,77.00,2.8888889,158.89,230.00,"produce median"
lk,LKR,radicchio,leafy-greens,"200–300 g",80.00,112.00,2.8888889,231.11,330.00,"produce median"
lk,LKR,amaranth-greens,leafy-greens,"1 bunch · 125–150 g",75.00,105.00,2.8888889,216.67,310.00,"produce median"
lk,LKR,fenugreek-greens,leafy-greens,"1 bunch · 150–200 g",75.00,105.00,2.8888889,216.67,310.00,"produce median"
lk,LKR,napa-cabbage,leafy-greens,"250 g",110.00,154.00,2.8888889,317.78,450.00,"produce median"
lk,LKR,sweet-basil,herbs,"100 g",100.00,140.00,4.8470588,484.71,680.00,"own median of 1, limited"
lk,LKR,thai-basil,herbs,"100 g",149.00,208.60,2.4235294,361.11,510.00,"herb median"
lk,LKR,holy-basil,herbs,"250 g",150.00,210.00,2.4235294,363.53,510.00,"herb median"
lk,LKR,mint,herbs,"1 bunch · 125–150 g",40.00,56.00,2.4235294,96.94,140.00,"herb median"
lk,LKR,coriander,herbs,"1 bunch · 150–200 g",75.00,105.00,2.2283333,167.12,240.00,"own median of 1"
lk,LKR,flat-leaf-parsley,herbs,"100 g",85.00,119.00,2.4235294,206.00,290.00,"own median of 1"
lk,LKR,curly-parsley,herbs,"50 g",55.00,77.00,2.4235294,133.29,190.00,"herb median"
lk,LKR,dill,herbs,"1 bunch · 125–150 g",75.00,105.00,2.4235294,181.76,260.00,"herb median"
lk,LKR,chives,herbs,"100 g",149.00,208.60,2.4235294,361.11,510.00,"herb median"
lk,LKR,garlic-chives,herbs,"100 g",100.00,140.00,2.4235294,242.35,340.00,"herb median"
lk,LKR,oregano,herbs,"100 g",150.00,210.00,2.4235294,363.53,510.00,"herb median"
lk,LKR,thyme,herbs,"100 g",120.00,168.00,2.4235294,290.82,410.00,"herb median"
lk,LKR,rosemary,herbs,"100 g",120.00,168.00,2.4235294,290.82,410.00,"herb median"
lk,LKR,sage,herbs,"100 g",150.00,210.00,2.4235294,363.53,510.00,"herb median"
lk,LKR,lemon-balm,herbs,"100 g",100.00,140.00,2.4235294,242.35,340.00,"herb median"
lk,LKR,shiso,herbs,"100 g",85.00,119.00,2.4235294,206.00,290.00,"herb median"
lk,LKR,chervil,herbs,"100 g",100.00,140.00,2.4235294,242.35,340.00,"herb median"
lk,LKR,tarragon,herbs,"100 g",100.00,140.00,2.4235294,242.35,340.00,"herb median"
lk,LKR,marjoram,herbs,"100 g",40.00,56.00,2.4235294,96.94,140.00,"herb median"
lk,LKR,lemongrass,herbs,"100 g",30.00,42.00,2.4235294,72.71,110.00,"herb median"
lk,LKR,broccoli-microgreens,microgreens,"25 g",160.00,224.00,2.8888889,462.22,650.00,"produce median"
lk,LKR,radish-microgreens,microgreens,"50 g",200.00,280.00,2.8888889,577.78,810.00,"produce median"
lk,LKR,pea-shoots,microgreens,"50 g",200.00,280.00,2.8888889,577.78,810.00,"produce median"
lk,LKR,sunflower-shoots,microgreens,"50 g",79.00,110.60,2.8888889,228.22,320.00,"produce median"
lk,LKR,mustard-microgreens,microgreens,"50 g",200.00,280.00,2.8888889,577.78,810.00,"produce median"
lk,LKR,red-cabbage-microgreens,microgreens,"50 g",179.00,250.60,2.8888889,517.11,730.00,"produce median"
lk,LKR,kale-microgreens,microgreens,"50 g",179.00,250.60,2.8888889,517.11,730.00,"produce median"
lk,LKR,arugula-microgreens,microgreens,"25 g",170.00,238.00,2.8888889,491.11,690.00,"produce median"
lk,LKR,beet-microgreens,microgreens,"50 g",149.00,208.60,2.8888889,430.44,610.00,"produce median"
lk,LKR,amaranth-microgreens,microgreens,"50 g",250.00,350.00,2.8888889,722.22,1020.00,"produce median"
lk,LKR,basil-microgreens,microgreens,"25 g",160.00,224.00,2.8888889,462.22,650.00,"produce median"
lk,LKR,coriander-microgreens,microgreens,"50 g",149.00,208.60,2.8888889,430.44,610.00,"produce median"
lk,LKR,fenugreek-microgreens,microgreens,"50 g",149.00,208.60,2.8888889,430.44,610.00,"produce median"
lk,LKR,wheatgrass,microgreens,"250 g",300.00,420.00,2.8888889,866.67,1220.00,"produce median"
lk,LKR,kohlrabi-microgreens,microgreens,"50 g",179.00,250.60,2.8888889,517.11,730.00,"produce median"
lk,LKR,garden-cress-microgreens,microgreens,"50 g",179.00,250.60,2.8888889,517.11,730.00,"produce median"
lk,LKR,cherry-tomatoes,fruiting-crops,"250 g",110.00,154.00,3.0681818,337.50,480.00,"own median of 1"
lk,LKR,beefsteak-tomatoes,fruiting-crops,"250 g",220.00,308.00,2.8888889,635.56,890.00,"produce median"
lk,LKR,plum-tomatoes,fruiting-crops,"250 g",220.00,308.00,2.8888889,635.56,890.00,"produce median"
lk,LKR,cucumber,fruiting-crops,"500 g",60.00,84.00,1.4444444,86.67,130.00,"own median of 1, limited"
lk,LKR,bell-peppers,fruiting-crops,"3 peppers · mixed colours",250.00,350.00,4.104,1026.00,1440.00,"own median of 2"
lk,LKR,green-chillies,fruiting-crops,"100 g",25.00,35.00,2.8888889,72.22,110.00,"produce median"
lk,LKR,jalapeno-peppers,fruiting-crops,"200 g",65.00,91.00,2.8888889,187.78,270.00,"produce median"
lk,LKR,strawberries,fruiting-crops,"250 g",250.00,350.00,5.7777778,1444.44,2030.00,"own median of 1, limited"
lk,LKR,eggplant,fruiting-crops,"250 g",40.00,56.00,2.8888889,115.56,170.00,"produce median"
lk,LKR,zucchini,fruiting-crops,"150–200 g",57.00,79.80,5.7777778,329.33,470.00,"own median of 1, limited"
lk,LKR,muskmelon,fruiting-crops,"1 melon",190.00,266.00,2.8888889,548.89,770.00,"produce median"
lk,LKR,green-beans,fruiting-crops,"250 g",76.00,106.40,2.8888889,219.56,310.00,"produce median"
lk,LKR,spring-onions,roots-and-stems,"1 bunch · 225–250 g",100.00,140.00,2.8888889,288.89,410.00,"produce median"
lk,LKR,celery,roots-and-stems,"250 g",149.00,208.60,2.8888889,430.44,610.00,"produce median"
lk,LKR,radish,roots-and-stems,"1 bunch · 450–500 g",100.00,140.00,2.8888889,288.89,410.00,"produce median"
lk,LKR,beetroot,roots-and-stems,"250 g",45.00,63.00,2.4166667,108.75,160.00,"own median of 1"
lk,LKR,carrot,roots-and-stems,"250 g",50.00,70.00,1.55,77.50,110.00,"own median of 2"
lk,LKR,ginger,roots-and-stems,"250 g",85.00,119.00,2.8888889,245.56,350.00,"produce median"
lk,LKR,turmeric,roots-and-stems,"250 g",65.00,91.00,2.8888889,187.78,270.00,"produce median"
lk,LKR,potato,roots-and-stems,"1 kg",80.00,112.00,4.1875,335.00,470.00,"own median of 1"
lk,LKR,nasturtium-flowers,edible-flowers,"15–20 flowers",350.00,490.00,2.8888889,1011.11,1420.00,"produce median"
lk,LKR,viola-flowers,edible-flowers,"40 g",250.00,350.00,2.8888889,722.22,1020.00,"produce median"
lk,LKR,pansy-flowers,edible-flowers,"40 g",250.00,350.00,2.8888889,722.22,1020.00,"produce median"
lk,LKR,calendula-petals,edible-flowers,"40 g",250.00,350.00,2.8888889,722.22,1020.00,"produce median"
lk,LKR,borage-flowers,edible-flowers,"40 g",250.00,350.00,2.8888889,722.22,1020.00,"produce median"
lk,LKR,radish-microgreens-live-tray,microgreens,"1 live tray",130.00,182.00,2.8888889,375.56,530.00,"produce median"
lk,LKR,pea-microgreens-live-tray,microgreens,"1 live tray",130.00,182.00,2.8888889,375.56,530.00,"produce median"
lk,LKR,sunflower-microgreens-live-tray,microgreens,"1 live tray",130.00,182.00,2.8888889,375.56,530.00,"produce median"
lk,LKR,broccoli-microgreens-live-tray,microgreens,"1 live tray",130.00,182.00,2.8888889,375.56,530.00,"produce median"
lk,LKR,fenugreek-microgreens-live-tray,microgreens,"1 live tray",130.00,182.00,2.8888889,375.56,530.00,"produce median"
lk,LKR,red-amaranth-microgreens-live-tray,microgreens,"1 live tray",130.00,182.00,2.8888889,375.56,530.00,"produce median"
uz,UZS,butterhead-lettuce,leafy-greens,"1 head · 120–250 g",75.00,105.00,416.38889,31229.17,44000.00,"own median of 1, limited"
uz,UZS,romaine-lettuce,leafy-greens,"1 head · 120–250 g",75.00,105.00,208.19444,15614.58,22000.00,"produce median"
uz,UZS,green-oakleaf-lettuce,leafy-greens,"75 g",80.00,112.00,208.19444,16655.56,23500.00,"produce median"
uz,UZS,red-oakleaf-lettuce,leafy-greens,"250 g",210.00,294.00,208.19444,43720.83,61500.00,"produce median"
uz,UZS,lollo-rosso-lettuce,leafy-greens,"250 g",100.00,140.00,208.19444,20819.44,29500.00,"produce median"
uz,UZS,lollo-bionda-lettuce,leafy-greens,"200 g",50.00,70.00,208.19444,10409.72,15000.00,"produce median"
uz,UZS,iceberg-lettuce,leafy-greens,"200–300 g",200.00,280.00,208.19444,41638.89,58500.00,"produce median"
uz,UZS,arugula,leafy-greens,"100 g",99.00,138.60,282.72727,27990.00,39500.00,"own median of 1"
uz,UZS,spinach,leafy-greens,"250 g",75.00,105.00,416.38889,31229.17,44000.00,"own median of 2, limited"
uz,UZS,baby-kale,leafy-greens,"250 g",437.00,611.80,208.19444,90980.97,127500.00,"produce median"
uz,UZS,curly-kale,leafy-greens,"100 g",99.00,138.60,208.19444,20611.25,29000.00,"produce median"
uz,UZS,lacinato-kale,leafy-greens,"100 g",99.00,138.60,208.19444,20611.25,29000.00,"produce median"
uz,UZS,swiss-chard,leafy-greens,"100 g",99.00,138.60,208.19444,20611.25,29000.00,"produce median"
uz,UZS,bok-choy,leafy-greens,"250 g",149.00,208.60,208.19444,31020.97,43500.00,"produce median"
uz,UZS,tatsoi,leafy-greens,"250 g",149.00,208.60,208.19444,31020.97,43500.00,"produce median"
uz,UZS,mizuna,leafy-greens,"100 g",99.00,138.60,208.19444,20611.25,29000.00,"produce median"
uz,UZS,mustard-greens,leafy-greens,"200 g",38.00,53.20,208.19444,7911.39,11500.00,"produce median"
uz,UZS,watercress,leafy-greens,"100 g",169.00,236.60,208.19444,35184.86,49500.00,"produce median"
uz,UZS,sorrel,leafy-greens,"100 g",100.00,140.00,208.19444,20819.44,29500.00,"produce median"
uz,UZS,endive,leafy-greens,"250 g",55.00,77.00,208.19444,11450.69,16500.00,"produce median"
uz,UZS,radicchio,leafy-greens,"200–300 g",80.00,112.00,208.19444,16655.56,23500.00,"produce median"
uz,UZS,amaranth-greens,leafy-greens,"1 bunch · 125–150 g",75.00,105.00,208.19444,15614.58,22000.00,"produce median"
uz,UZS,fenugreek-greens,leafy-greens,"1 bunch · 150–200 g",75.00,105.00,208.19444,15614.58,22000.00,"produce median"
uz,UZS,napa-cabbage,leafy-greens,"250 g",110.00,154.00,208.19444,22901.39,32500.00,"produce median"
uz,UZS,sweet-basil,herbs,"100 g",100.00,140.00,199.8,19980.00,28000.00,"own median of 1"
uz,UZS,thai-basil,herbs,"100 g",149.00,208.60,286.33333,42663.67,60000.00,"herb median"
uz,UZS,holy-basil,herbs,"250 g",150.00,210.00,286.33333,42950.00,60500.00,"herb median"
uz,UZS,mint,herbs,"1 bunch · 125–150 g",40.00,56.00,572.66667,22906.67,32500.00,"own median of 1, limited"
uz,UZS,coriander,herbs,"1 bunch · 150–200 g",75.00,105.00,372.86667,27965.00,39500.00,"own median of 1"
uz,UZS,flat-leaf-parsley,herbs,"100 g",85.00,119.00,188,15980.00,22500.00,"own median of 1"
uz,UZS,curly-parsley,herbs,"50 g",55.00,77.00,286.33333,15748.33,22500.00,"herb median"
uz,UZS,dill,herbs,"1 bunch · 125–150 g",75.00,105.00,286.33333,21475.00,30500.00,"herb median"
uz,UZS,chives,herbs,"100 g",149.00,208.60,286.33333,42663.67,60000.00,"herb median"
uz,UZS,garlic-chives,herbs,"100 g",100.00,140.00,286.33333,28633.33,40500.00,"herb median"
uz,UZS,oregano,herbs,"100 g",150.00,210.00,286.33333,42950.00,60500.00,"herb median"
uz,UZS,thyme,herbs,"100 g",120.00,168.00,286.33333,34360.00,48500.00,"herb median"
uz,UZS,rosemary,herbs,"100 g",120.00,168.00,286.33333,34360.00,48500.00,"herb median"
uz,UZS,sage,herbs,"100 g",150.00,210.00,286.33333,42950.00,60500.00,"herb median"
uz,UZS,lemon-balm,herbs,"100 g",100.00,140.00,286.33333,28633.33,40500.00,"herb median"
uz,UZS,shiso,herbs,"100 g",85.00,119.00,286.33333,24338.33,34500.00,"herb median"
uz,UZS,chervil,herbs,"100 g",100.00,140.00,286.33333,28633.33,40500.00,"herb median"
uz,UZS,tarragon,herbs,"100 g",100.00,140.00,286.33333,28633.33,40500.00,"herb median"
uz,UZS,marjoram,herbs,"100 g",40.00,56.00,286.33333,11453.33,16500.00,"herb median"
uz,UZS,lemongrass,herbs,"100 g",30.00,42.00,286.33333,8590.00,12500.00,"herb median"
uz,UZS,broccoli-microgreens,microgreens,"25 g",160.00,224.00,208.19444,33311.11,47000.00,"produce median"
uz,UZS,radish-microgreens,microgreens,"50 g",200.00,280.00,208.19444,41638.89,58500.00,"produce median"
uz,UZS,pea-shoots,microgreens,"50 g",200.00,280.00,208.19444,41638.89,58500.00,"produce median"
uz,UZS,sunflower-shoots,microgreens,"50 g",79.00,110.60,208.19444,16447.36,23500.00,"produce median"
uz,UZS,mustard-microgreens,microgreens,"50 g",200.00,280.00,208.19444,41638.89,58500.00,"produce median"
uz,UZS,red-cabbage-microgreens,microgreens,"50 g",179.00,250.60,208.19444,37266.80,52500.00,"produce median"
uz,UZS,kale-microgreens,microgreens,"50 g",179.00,250.60,208.19444,37266.80,52500.00,"produce median"
uz,UZS,arugula-microgreens,microgreens,"25 g",170.00,238.00,208.19444,35393.05,50000.00,"produce median"
uz,UZS,beet-microgreens,microgreens,"50 g",149.00,208.60,208.19444,31020.97,43500.00,"produce median"
uz,UZS,amaranth-microgreens,microgreens,"50 g",250.00,350.00,208.19444,52048.61,73000.00,"produce median"
uz,UZS,basil-microgreens,microgreens,"25 g",160.00,224.00,208.19444,33311.11,47000.00,"produce median"
uz,UZS,coriander-microgreens,microgreens,"50 g",149.00,208.60,208.19444,31020.97,43500.00,"produce median"
uz,UZS,fenugreek-microgreens,microgreens,"50 g",149.00,208.60,208.19444,31020.97,43500.00,"produce median"
uz,UZS,wheatgrass,microgreens,"250 g",300.00,420.00,208.19444,62458.33,87500.00,"produce median"
uz,UZS,kohlrabi-microgreens,microgreens,"50 g",179.00,250.60,208.19444,37266.80,52500.00,"produce median"
uz,UZS,garden-cress-microgreens,microgreens,"50 g",179.00,250.60,208.19444,37266.80,52500.00,"produce median"
uz,UZS,cherry-tomatoes,fruiting-crops,"250 g",110.00,154.00,181.72727,19990.00,28000.00,"own median of 1"
uz,UZS,beefsteak-tomatoes,fruiting-crops,"250 g",220.00,308.00,208.19444,45802.78,64500.00,"produce median"
uz,UZS,plum-tomatoes,fruiting-crops,"250 g",220.00,308.00,208.19444,45802.78,64500.00,"produce median"
uz,UZS,cucumber,fruiting-crops,"500 g",60.00,84.00,208.19444,12491.67,17500.00,"own median of 1"
uz,UZS,bell-peppers,fruiting-crops,"3 peppers · mixed colours",250.00,350.00,106.5144,26628.60,37500.00,"own median of 2"
uz,UZS,green-chillies,fruiting-crops,"100 g",25.00,35.00,208.19444,5204.86,7500.00,"produce median"
uz,UZS,jalapeno-peppers,fruiting-crops,"200 g",65.00,91.00,208.19444,13532.64,19000.00,"produce median"
uz,UZS,strawberries,fruiting-crops,"250 g",250.00,350.00,303.92,75980.00,106500.00,"own median of 1"
uz,UZS,eggplant,fruiting-crops,"250 g",40.00,56.00,208.19444,8327.78,12000.00,"produce median"
uz,UZS,zucchini,fruiting-crops,"150–200 g",57.00,79.80,115.05482,6558.12,9500.00,"own median of 1"
uz,UZS,muskmelon,fruiting-crops,"1 melon",190.00,266.00,208.19444,39556.94,55500.00,"produce median"
uz,UZS,green-beans,fruiting-crops,"250 g",76.00,106.40,208.19444,15822.78,22500.00,"produce median"
uz,UZS,spring-onions,roots-and-stems,"1 bunch · 225–250 g",100.00,140.00,208.19444,20819.44,29500.00,"produce median"
uz,UZS,celery,roots-and-stems,"250 g",149.00,208.60,208.19444,31020.97,43500.00,"produce median"
uz,UZS,radish,roots-and-stems,"1 bunch · 450–500 g",100.00,140.00,208.19444,20819.44,29500.00,"produce median"
uz,UZS,beetroot,roots-and-stems,"250 g",45.00,63.00,138.77778,6245.00,9000.00,"own median of 1"
uz,UZS,carrot,roots-and-stems,"250 g",50.00,70.00,104.09722,5204.86,7500.00,"own median of 2, limited"
uz,UZS,ginger,roots-and-stems,"250 g",85.00,119.00,208.19444,17696.53,25000.00,"produce median"
uz,UZS,turmeric,roots-and-stems,"250 g",65.00,91.00,208.19444,13532.64,19000.00,"produce median"
uz,UZS,potato,roots-and-stems,"1 kg",80.00,112.00,237.375,18990.00,27000.00,"own median of 1"
uz,UZS,nasturtium-flowers,edible-flowers,"15–20 flowers",350.00,490.00,208.19444,72868.05,102500.00,"produce median"
uz,UZS,viola-flowers,edible-flowers,"40 g",250.00,350.00,208.19444,52048.61,73000.00,"produce median"
uz,UZS,pansy-flowers,edible-flowers,"40 g",250.00,350.00,208.19444,52048.61,73000.00,"produce median"
uz,UZS,calendula-petals,edible-flowers,"40 g",250.00,350.00,208.19444,52048.61,73000.00,"produce median"
uz,UZS,borage-flowers,edible-flowers,"40 g",250.00,350.00,208.19444,52048.61,73000.00,"produce median"
uz,UZS,radish-microgreens-live-tray,microgreens,"1 live tray",130.00,182.00,261.46154,33990.00,48000.00,"own median of 1"
uz,UZS,pea-microgreens-live-tray,microgreens,"1 live tray",130.00,182.00,261.46154,33990.00,48000.00,"own median of 1"
uz,UZS,sunflower-microgreens-live-tray,microgreens,"1 live tray",130.00,182.00,261.46154,33990.00,48000.00,"own median of 1"
uz,UZS,broccoli-microgreens-live-tray,microgreens,"1 live tray",130.00,182.00,261.46154,33990.00,48000.00,"own median of 1"
uz,UZS,fenugreek-microgreens-live-tray,microgreens,"1 live tray",130.00,182.00,261.46154,33990.00,48000.00,"own median of 1"
uz,UZS,red-amaranth-microgreens-live-tray,microgreens,"1 live tray",130.00,182.00,261.46154,33990.00,48000.00,"own median of 1"
